USE EuroLeagues
GO

SET IDENTITY_INSERT Leagues ON;

INSERT INTO Leagues (Id, [Name]) VALUES
(1, 'La Liga'),
(2, 'Serie A'),
(3, 'Premier League'),
(4, 'Bundesliga'),
(5, 'Ligue 1');

SET IDENTITY_INSERT Leagues OFF;

SET IDENTITY_INSERT Teams ON;

INSERT INTO Teams (Id, [Name], City, LeagueId) VALUES
(1, 'Real Madrid', 'Madrid', 1),
(2, 'Atletico Madrid', 'Madrid', 1),
(3, 'Barcelona', 'Barcelona', 1),
(4, 'Athletic Club', 'Bilbao', 1),
(5, 'Villarreal', 'Villarreal', 1),
(6, 'Mallorca', 'Palma de Mallorca', 1),
(7, 'Girona', 'Girona', 1),
(8, 'Osasuna', 'Pamplona', 1),
(9, 'Real Sociedad', 'San Sebastian', 1),
(10, 'Rayo Vallecano', 'Madrid', 1),
(11, 'Real Betis', 'Seville', 1),
(12, 'Celta Vigo', 'Vigo', 1),
(13, 'Sevilla', 'Seville', 1),
(14, 'Las Palmas', 'Las Palmas', 1),
(15, 'Getafe', 'Getafe', 1),
(16, 'Leganes', 'Leganes', 1),
(17, 'Alaves', 'Vitoria-Gasteiz', 1),
(18, 'Espanyol', 'Barcelona', 1),
(19, 'Valladolid', 'Valladolid', 1),
(20, 'Valencia', 'Valencia', 1),
(21, 'Napoli', 'Naples', 2),
(22, 'Inter', 'Milan', 2),
(23, 'Atalanta', 'Bergamo', 2),
(24, 'Lazio', 'Rome', 2),
(25, 'Juventus', 'Turin', 2),
(26, 'Fiorentina', 'Florence', 2),
(27, 'Bologna', 'Bologna', 2),
(28, 'Milan', 'Milan', 2),
(29, 'Udinese', 'Udine', 2),
(30, 'Roma', 'Rome', 2),
(31, 'Genoa', 'Genoa', 2),
(32, 'Torino', 'Turin', 2),
(33, 'Lecce', 'Lecce', 2),
(34, 'Empoli', 'Empoli', 2),
(35, 'Como', 'Como', 2),
(36, 'Verona', 'Verona', 2),
(37, 'Parma', 'Parma', 2),
(38, 'Cagliari', 'Cagliari', 2),
(39, 'Venezia', 'Venice', 2),
(40, 'Monza', 'Monza', 2),
(41, 'Liverpool', 'Liverpool', 3),
(42, 'Arsenal', 'London', 3),
(43, 'Nottingham Forest', 'Nottingham', 3),
(44, 'Chelsea', 'London', 3),
(45, 'Newcastle', 'Newcastle', 3),
(46, 'Manchester City', 'Manchester', 3),
(47, 'Bournemouth', 'Bournemouth', 3),
(48, 'Aston Villa', 'Birmingham', 3),
(49, 'Fulham', 'London', 3),
(50, 'Brighton', 'Brighton', 3),
(51, 'Brentford', 'London', 3),
(52, 'Tottenham', 'London', 3),
(53, 'Manchester United', 'Manchester', 3),
(54, 'West Ham', 'London', 3),
(55, 'Crystal Palace', 'London', 3),
(56, 'Everton', 'Liverpool', 3),
(57, 'Wolves', 'Wolverhampton', 3),
(58, 'Ipswich Town', 'Ipswich', 3),
(59, 'Leicester City', 'Leicester', 3),
(60, 'Southampton', 'Southampton', 3),
(61, 'Bayern Munich', 'Munich', 4),
(62, 'Bayer Leverkusen', 'Leverkusen', 4),
(63, 'Eintracht Frankfurt', 'Frankfurt', 4),
(64, 'RB Leipzig', 'Leipzig', 4),
(65, 'Mainz', 'Mainz', 4),
(66, 'SC Freiburg', 'Freiburg', 4),
(67, 'Borussia Dortmund', 'Dortmund', 4),
(68, 'Werder Bremen', 'Bremen', 4),
(69, 'Wolfsburg', 'Wolfsburg', 4),
(70, 'Borussia Monchengladbach', 'Monchengladbach', 4),
(71, 'VfB Stuttgart', 'Stuttgart', 4),
(72, 'Union Berlin', 'Berlin', 4),
(73, 'Augsburg', 'Augsburg', 4),
(74, 'FC St. Pauli', 'Hamburg', 4),
(75, 'Hoffenheim', 'Sinsheim', 4),
(76, 'Heidenheim', 'Heidenheim an der Brenz', 4),
(77, 'Holstein Kiel', 'Kiel', 4),
(78, 'VfL Bochum', 'Bochum', 4),
(79, 'Paris Saint-Germain', 'Paris', 5),
(80, 'Marseille', 'Marseille', 5),
(81, 'Monaco', 'Monaco', 5),
(82, 'Nice', 'Nice', 5),
(83, 'LOSC Lille', 'Lille', 5),
(84, 'Lyon', 'Lyon', 5),
(85, 'Lens', 'Lens', 5),
(86, 'Toulouse', 'Toulouse', 5),
(87, 'Strasbourg', 'Strasbourg', 5),
(88, 'Auxerre', 'Auxerre', 5),
(89, 'Brest', 'Brest', 5),
(90, 'Reims', 'Reims', 5),
(91, 'Rennes', 'Rennes', 5),
(92, 'Angers', 'Angers', 5),
(93, 'Nantes', 'Nantes', 5),
(94, 'St-Etienne', 'Saint-Etienne', 5),
(95, 'Le Havre', 'Le Havre', 5),
(96, 'Montpellier', 'Montpellier', 5);

SET IDENTITY_INSERT Teams OFF;

SET IDENTITY_INSERT Players ON;

INSERT INTO Players (Id, [Name], Position) VALUES
(1, 'Antoine Griezmann', 'Forward'),
(2, 'Julián Alvarez', 'Forward'),
(3, 'Alexander Sørloth', 'Forward'),
(4, 'Giuliano Simeone', 'Forward'),
(5, 'Conor Gallagher', 'Midfielder'),
(6, 'Koke', 'Midfielder'),
(7, 'Rodrigo De Paul', 'Midfielder'),
(8, 'Clément Lenglet', 'Defender'),
(9, 'Jan Oblak', 'Goalkeeper'),
(10, 'Robin Le Normand', 'Defender'),
(11, 'José María Giménez', 'Defender'),
(12, 'Rodrigo Riquelme', 'Midfielder'),
(13, 'Pablo Barrios', 'Midfielder'),
(14, 'Marcos Llorente', 'Midfielder'),
(15, 'Ángel Correa', 'Forward'),
(16, 'Samuel Lino', 'Midfielder'),
(17, 'Axel Witsel', 'Defender'),
(18, 'Thomas Lemar', 'Midfielder'),
(19, 'Reinildo Mandava', 'Defender'),
(20, 'César Azpilicueta', 'Defender'),
(21, 'Javi Galán', 'Defender'),
(22, 'Nahuel Molina', 'Defender'),
(23, 'Juan Musso', 'Goalkeeper'),
(24, 'Marcos Paulo', 'Forward');

SET IDENTITY_INSERT Players OFF;

INSERT INTO PlayersTeams (PlayerId, TeamId) VALUES
(1,2),(2,2),(3,2),(4,2),(5,2),(6,2),(7,2),(8,2),(9,2),(10,2),
(11,2),(12,2),(13,2),(14,2),(15,2),(16,2),(17,2),(18,2),(19,2),(20,2),
(21,2),(22,2),(23,2),(24,2);

SET IDENTITY_INSERT Players ON;
INSERT INTO Players (Id, [Name], Position) VALUES
(25, 'Kylian Mbappé', 'Forward'),
(26, 'Vinícius Júnior', 'Forward'),
(27, 'Jude Bellingham', 'Midfielder'),
(28, 'Arda Güler', 'Midfielder'),
(29, 'Endrick', 'Forward'),
(30, 'Raúl Asencio', 'Defender'),
(31, 'Rodrygo', 'Forward'),
(32, 'Dani Carvajal', 'Defender'),
(33, 'Luka Modrić', 'Midfielder'),
(34, 'Federico Valverde', 'Midfielder'),
(35, 'Thibaut Courtois', 'Goalkeeper'),
(36, 'Brahim Díaz', 'Forward'),
(37, 'Eduardo Camavinga', 'Midfielder'),
(38, 'David Alaba', 'Defender'),
(39, 'Aurélien Tchouaméni', 'Midfielder'),
(40, 'Éder Militão', 'Defender'),
(41, 'Lucas Vázquez', 'Midfielder'),
(42, 'Antonio Rüdiger', 'Defender'),
(43, 'Fran García', 'Defender'),
(44, 'Andriy Lunin', 'Goalkeeper'),
(45, 'Dani Ceballos', 'Midfielder'),
(46, 'Jesús Vallejo', 'Defender'),
(47, 'Ferland Mendy', 'Defender'),
(48, 'Sergio Mestre', 'Goalkeeper');
SET IDENTITY_INSERT Players OFF;

INSERT INTO PlayersTeams (PlayerId, TeamId) VALUES
(25,1),(26,1),(27,1),(28,1),(29,1),(30,1),(31,1),(32,1),(33,1),(34,1),
(35,1),(36,1),(37,1),(38,1),(39,1),(40,1),(41,1),(42,1),(43,1),(44,1),
(45,1),(46,1),(47,1),(48,1);

SET IDENTITY_INSERT Players ON;
INSERT INTO Players (Id, [Name], Position) VALUES
(49, 'Dani Olmo', 'Midfielder'),
(50, 'Lamine Yamal', 'Forward'),
(51, 'Robert Lewandowski', 'Forward'),
(52, 'Raphinha', 'Forward'),
(53, 'Wojciech Szczesny', 'Goalkeeper'),
(54, 'Gavi', 'Midfielder'),
(55, 'Ronald Araújo', 'Defender'),
(56, 'Pau Cubarsí', 'Defender'),
(57, 'Pedri', 'Midfielder'),
(58, 'Marc Casadó', 'Midfielder'),
(59, 'Ansu Fati', 'Forward'),
(60, 'Frenkie de Jong', 'Midfielder'),
(61, 'Iñaki Peña Sotorres', 'Goalkeeper'),
(62, 'Ferran Torres', 'Forward'),
(63, 'Fermín López', 'Midfielder'),
(64, 'Pau Víctor', 'Forward'),
(65, 'Alejandro Balde', 'Defender'),
(66, 'Héctor Fort', 'Defender'),
(67, 'Marc Bernal', 'Midfielder'),
(68, 'Iñigo Martínez', 'Defender'),
(69, 'Jules Koundé', 'Defender'),
(70, 'Pablo Torre', 'Midfielder'),
(71, 'Gerard Martín', 'Defender'),
(72, 'Marc-André ter Stegen', 'Goalkeeper');
SET IDENTITY_INSERT Players OFF;

INSERT INTO PlayersTeams (PlayerId, TeamId) VALUES
(49, 3),
(50, 3),
(51, 3),
(52, 3),
(53, 3),
(54, 3),
(55, 3),
(56, 3),
(57, 3),
(58, 3),
(59, 3),
(60, 3),
(61, 3),
(62, 3),
(63, 3),
(64, 3),
(65, 3),
(66, 3),
(67, 3),
(68, 3),
(69, 3),
(70, 3),
(71, 3),
(72, 3);

SET IDENTITY_INSERT Players ON;
INSERT INTO Players (Id, [Name], Position) VALUES
(73, 'Nico Williams', 'Forward'),
(74, 'Iñaki Williams', 'Forward'),
(75, 'Unai Simón', 'Goalkeeper'),
(76, 'Álex Padilla', 'Goalkeeper'),
(77, 'Oihan Sancet', 'Midfielder'),
(78, 'Julen Agirrezabala', 'Goalkeeper'),
(79, 'Ander Herrera', 'Midfielder'),
(80, 'Álvaro Djaló', 'Forward'),
(81, 'Alejandro Berenguer', 'Forward'),
(82, 'Aitor Paredes', 'Defender'),
(83, 'Gorka Guruzeta', 'Forward'),
(84, 'Dani Vivian', 'Defender'),
(85, 'Mikel Jaureguizar', 'Midfielder'),
(86, 'Yuri Berchiche', 'Defender'),
(87, 'Nico Serrano', 'Forward'),
(88, 'Yeray Álvarez', 'Defender'),
(89, 'Unai Gómez', 'Midfielder'),
(90, 'Óscar de Marcos', 'Defender'),
(91, 'Adama Boiro', 'Midfielder'),
(92, 'Beñat Prados', 'Midfielder'),
(93, 'Iñigo Ruiz de Galarreta', 'Midfielder'),
(94, 'Iñigo Lekue', 'Defender'),
(95, 'Javier Martón', 'Forward'),
(96, 'Mikel Vesga', 'Midfielder');
SET IDENTITY_INSERT Players OFF;

INSERT INTO PlayersTeams (PlayerId, TeamId) VALUES
(73, 4),
(74, 4),
(75, 4),
(76, 4),
(77, 4),
(78, 4),
(79, 4),
(80, 4),
(81, 4),
(82, 4),
(83, 4),
(84, 4),
(85, 4),
(86, 4),
(87, 4),
(88, 4),
(89, 4),
(90, 4),
(91, 4),
(92, 4),
(93, 4),
(94, 4),
(95, 4),
(96, 4);

SET IDENTITY_INSERT Players ON;
INSERT INTO Players (Id, [Name], Position) VALUES
(97, 'Nicolas Pépé', 'Forward'),
(98, 'Álex Baena', 'Midfielder'),
(99, 'Thiemo Barry', 'Forward'),
(100, 'Ayoze Pérez', 'Forward'),
(101, 'Diego Conde', 'Goalkeeper'),
(102, 'Gerard Moreno', 'Forward'),
(103, 'Eric Bailly', 'Defender'),
(104, 'Willy Kambwala', 'Defender'),
(105, 'Ilias Akhomach', 'Forward'),
(106, 'Raúl Albiol', 'Defender'),
(107, 'Dani Parejo', 'Midfielder'),
(108, 'Juan Foyth', 'Defender'),
(109, 'Pape Gueye', 'Midfielder'),
(110, 'Luiz Júnior', 'Goalkeeper'),
(111, 'Logan Costa', 'Defender'),
(112, 'Yeremy Pino', 'Forward'),
(113, 'Juan Bernat', 'Defender'),
(114, 'Kiko Femenía', 'Defender'),
(115, 'Alfonso Pedraza', 'Midfielder'),
(116, 'Denis Suárez', 'Midfielder'),
(117, 'Santi Comesaña', 'Midfielder'),
(118, 'Sergi Cardona', 'Defender'),
(119, 'Pau Cabanes', 'Forward'),
(120, 'Pau Navarro', 'Midfielder');
SET IDENTITY_INSERT Players OFF;

INSERT INTO PlayersTeams (PlayerId, TeamId) VALUES
(97, 5),
(98, 5),
(99, 5),
(100, 5),
(101, 5),
(102, 5),
(103, 5),
(104, 5),
(105, 5),
(106, 5),
(107, 5),
(108, 5),
(109, 5),
(110, 5),
(111, 5),
(112, 5),
(113, 5),
(114, 5),
(115, 5),
(116, 5),
(117, 5),
(118, 5),
(119, 5),
(120, 5);

SET IDENTITY_INSERT Players ON;
INSERT INTO Players (Id, [Name], Position) VALUES
(121, 'Vedat Muriqi', 'Forward'),
(122, 'Cyle Larin', 'Forward'),
(123, 'Takuma Asano', 'Forward'),
(124, 'Manu Morlanes', 'Midfielder'),
(125, 'Johan Mojica', 'Defender'),
(126, 'Pablo Maffeo', 'Defender'),
(127, 'Antonio José Raíllo Arenas', 'Defender'),
(128, 'Samú Costa', 'Midfielder'),
(129, 'Dani Rodríguez', 'Midfielder'),
(130, 'Robert Navarro', 'Midfielder'),
(131, 'Chiquinho', 'Forward'),
(132, 'Dominik Greif', 'Goalkeeper'),
(133, 'Sergi Darder', 'Midfielder'),
(134, 'Abdón Prats', 'Forward'),
(135, 'Martin Valjent', 'Defender'),
(136, 'Mateu Morey', 'Defender'),
(137, 'Omar Mascarell', 'Midfielder'),
(138, 'Daniel Luna', 'Midfielder'),
(139, 'Leo Román', 'Goalkeeper'),
(140, 'Marc Domènech', 'Midfielder'),
(141, 'Valery Fernández', 'Defender'),
(142, 'Antonio Sánchez', 'Midfielder'),
(143, 'Toni Lato', 'Defender'),
(144, 'José Manuel Copete', 'Defender');
SET IDENTITY_INSERT Players OFF;

INSERT INTO PlayersTeams (PlayerId, TeamId) VALUES
(121, 6),
(122, 6),
(123, 6),
(124, 6),
(125, 6),
(126, 6),
(127, 6),
(128, 6),
(129, 6),
(130, 6),
(131, 6),
(132, 6),
(133, 6),
(134, 6),
(135, 6),
(136, 6),
(137, 6),
(138, 6),
(139, 6),
(140, 6),
(141, 6),
(142, 6),
(143, 6),
(144, 6);

SET IDENTITY_INSERT Players ON;
INSERT INTO Players (Id, [Name], Position) VALUES
(145, 'Donny van de Beek', 'Midfielder'),
(146, 'Yáser Asprilla', 'Midfielder'),
(147, 'Bryan Gil', 'Forward'),
(148, 'Bojan Miovski', 'Forward'),
(149, 'Viktor Tsygankov', 'Forward'),
(150, 'Oriol Romeu', 'Midfielder'),
(151, 'Miguel Gutiérrez', 'Defender'),
(152, 'Paulo Gazzaniga', 'Goalkeeper'),
(153, 'Arnaut Danjuma', 'Forward'),
(154, 'Daley Blind', 'Defender'),
(155, 'Pau López', 'Goalkeeper'),
(156, 'Abel Ruiz', 'Forward'),
(157, 'Yangel Herrera', 'Midfielder'),
(158, 'Iván Martín', 'Midfielder'),
(159, 'Cristhian Stuani', 'Forward'),
(160, 'Ladislav Krejčí', 'Defender'),
(161, 'Jhon Solís', 'Midfielder'),
(162, 'Arnau Martínez', 'Defender'),
(163, 'Portu', 'Midfielder'),
(164, 'Selvi Clua', 'Midfielder'),
(165, 'Juanpe', 'Defender'),
(166, 'Kim Min-su', 'Forward'),
(167, 'David López', 'Defender'),
(168, 'Alejandro Francés', 'Defender');
SET IDENTITY_INSERT Players OFF;

INSERT INTO PlayersTeams (PlayerId, TeamId) VALUES
(145, 7),
(146, 7),
(147, 7),
(148, 7),
(149, 7),
(150, 7),
(151, 7),
(152, 7),
(153, 7),
(154, 7),
(155, 7),
(156, 7),
(157, 7),
(158, 7),
(159, 7),
(160, 7),
(161, 7),
(162, 7),
(163, 7),
(164, 7),
(165, 7),
(166, 7),
(167, 7),
(168, 7);

SET IDENTITY_INSERT Players ON;
INSERT INTO Players (Id, [Name], Position) VALUES
(169, 'Takefusa Kubo', 'Forward'),
(170, 'Martín Zubimendi', 'Midfielder'),
(171, 'Mikel Oyarzabal', 'Forward'),
(172, 'Jon Aramburu', 'Defender'),
(173, 'Nayef Aguerd', 'Defender'),
(174, 'Arsen Zakharyan', 'Midfielder'),
(175, 'Orri Óskarsson', 'Forward'),
(176, 'Umar Sadiq', 'Forward'),
(177, 'Luka Sučić', 'Midfielder'),
(178, 'Sheraldo Becker', 'Forward'),
(179, 'Sergio Gómez', 'Defender'),
(180, 'Ander Barrenetxea', 'Forward'),
(181, 'Álex Remiro', 'Goalkeeper'),
(182, 'Brais Méndez', 'Midfielder'),
(183, 'Hamari Traoré', 'Defender'),
(184, 'Igor Zubeldia', 'Defender'),
(185, 'Álvaro Odriozola', 'Defender'),
(186, 'Javi López', 'Defender'),
(187, 'Aritz Elustondo', 'Defender'),
(188, 'Aihen Muñoz', 'Defender'),
(189, 'Beñat Turrientes', 'Midfielder'),
(190, 'Mikel Goti', 'Midfielder'),
(191, 'Jon Ander Olasagasti', 'Midfielder'),
(192, 'Jon Martín', 'Defender');
SET IDENTITY_INSERT Players OFF;

INSERT INTO PlayersTeams (PlayerId, TeamId) VALUES
(169, 8),
(170, 8),
(171, 8),
(172, 8),
(173, 8),
(174, 8),
(175, 8),
(176, 8),
(177, 8),
(178, 8),
(179, 8),
(180, 8),
(181, 8),
(182, 8),
(183, 8),
(184, 8),
(185, 8),
(186, 8),
(187, 8),
(188, 8),
(189, 8),
(190, 8),
(191, 8),
(192, 8);

SET IDENTITY_INSERT Players ON;
INSERT INTO Players (Id, [Name], Position) VALUES
(193, 'James Rodríguez', 'Midfielder'),
(194, 'Andrei Rațiu', 'Defender'),
(195, 'Augusto Batalla', 'Goalkeeper'),
(196, 'Isi Palazón', 'Midfielder'),
(197, 'Sergio Camello', 'Forward'),
(198, 'Abdul Mumin', 'Defender'),
(199, 'Raúl de Tomás', 'Forward'),
(200, 'Jorge de Frutos', 'Forward'),
(201, 'Unai López', 'Midfielder'),
(202, 'Álvaro García Rivera', 'Forward'),
(203, 'Pelayo Fernández', 'Defender'),
(204, 'Óscar Trejo', 'Midfielder'),
(205, 'Ariadne Hernández', 'Defender'),
(206, 'Pathé Ciss', 'Midfielder'),
(207, 'Florian Lejeune', 'Defender'),
(208, 'Adri Embarba', 'Forward'),
(209, 'Sergio Guardiola', 'Forward'),
(210, 'Pep Chavarría', 'Defender'),
(211, 'Randy Nteka', 'Forward'),
(212, 'Daniel Cárdenas', 'Goalkeeper'),
(213, 'Óscar Valentín', 'Midfielder'),
(214, 'Gerard Gumbau', 'Midfielder'),
(215, 'Pedro Díaz', 'Midfielder'),
(216, 'Joni Montiel', 'Midfielder');
SET IDENTITY_INSERT Players OFF;

INSERT INTO PlayersTeams (PlayerId, TeamId) VALUES
(193, 9),
(194, 9),
(195, 9),
(196, 9),
(197, 9),
(198, 9),
(199, 9),
(200, 9),
(201, 9),
(202, 9),
(203, 9),
(204, 9),
(205, 9),
(206, 9),
(207, 9),
(208, 9),
(209, 9),
(210, 9),
(211, 9),
(212, 9),
(213, 9),
(214, 9),
(215, 9),
(216, 9);

SET IDENTITY_INSERT Players ON;
INSERT INTO Players (Id, [Name], Position) VALUES
(217, 'Vitor Roque', 'Forward'),
(218, 'Isco', 'Midfielder'),
(219, 'Giovani Lo Celso', 'Midfielder'),
(220, 'Héctor Bellerín', 'Defender'),
(221, 'Johnny Cardoso', 'Midfielder'),
(222, 'Abde Ezzalzouli', 'Forward'),
(223, 'Rui Silva', 'Goalkeeper'),
(224, 'Cédric Bakambu', 'Forward'),
(225, 'Assane Diao', 'Forward'),
(226, 'Ezequiel Ávila', 'Forward'),
(227, 'Natan', 'Defender'),
(228, 'Pablo Fornals', 'Midfielder'),
(229, 'Juanmi', 'Forward'),
(230, 'Marc Bartra', 'Defender'),
(231, 'Jesús Rodríguez', 'Midfielder'),
(232, 'Diego Llorente', 'Defender'),
(233, 'Ricardo Rodríguez', 'Defender'),
(234, 'Aitor Ruibal', 'Defender'),
(235, 'Marc Roca', 'Midfielder'),
(236, 'William Carvalho', 'Midfielder'),
(237, 'Sergi Altimira', 'Midfielder'),
(238, 'Adrián', 'Goalkeeper'),
(239, 'Mateo Flores', 'Midfielder'),
(240, 'Carlos Guirao', 'Defender');
SET IDENTITY_INSERT Players OFF;

INSERT INTO PlayersTeams (PlayerId, TeamId) VALUES
(217, 10),
(218, 10),
(219, 10),
(220, 10),
(221, 10),
(222, 10),
(223, 10),
(224, 10),
(225, 10),
(226, 10),
(227, 10),
(228, 10),
(229, 10),
(230, 10),
(231, 10),
(232, 10),
(233, 10),
(234, 10),
(235, 10),
(236, 10),
(237, 10),
(238, 10),
(239, 10),
(240, 10);

SET IDENTITY_INSERT Players ON;
INSERT INTO Players (Id, [Name], Position) VALUES
(241, 'Bryan Zaragoza', 'Forward'),
(242, 'Ante Budimir', 'Forward'),
(243, 'Javi Martínez', 'Midfielder'),
(244, 'Ignacio Vidal Miralles', 'Defender'),
(245, 'Rubén García Santos', 'Midfielder'),
(246, 'Flavien Enzo Boyomo', 'Defender'),
(247, 'Abel Bretones', 'Midfielder'),
(248, 'José Arnaiz', 'Forward'),
(249, 'Aimar Oroz', 'Midfielder'),
(250, 'Lucas Torró', 'Midfielder'),
(251, 'Sergio Herrera', 'Goalkeeper'),
(252, 'Jesús Areso', 'Defender'),
(253, 'Alejandro Catena', 'Defender'),
(254, 'Juan Cruz', 'Defender'),
(255, 'Raúl García', 'Forward'),
(256, 'Iker Muñoz', 'Midfielder'),
(257, 'Pablo Ibáñez', 'Midfielder'),
(258, 'Jon Moncayola', 'Midfielder'),
(259, 'Jorge Herrando', 'Defender'),
(260, 'Kike Barja', 'Midfielder'),
(261, 'Rubén Peña', 'Defender'),
(262, 'Unai García', 'Defender'),
(263, 'Aitor Fernández', 'Goalkeeper'),
(264, 'Moi Gómez', 'Midfielder');
SET IDENTITY_INSERT Players OFF;

INSERT INTO PlayersTeams (PlayerId, TeamId) VALUES
(241, 11),
(242, 11),
(243, 11),
(244, 11),
(245, 11),
(246, 11),
(247, 11),
(248, 11),
(249, 11),
(250, 11),
(251, 11),
(252, 11),
(253, 11),
(254, 11),
(255, 11),
(256, 11),
(257, 11),
(258, 11),
(259, 11),
(260, 11),
(261, 11),
(262, 11),
(263, 11),
(264, 11);

SET IDENTITY_INSERT Players ON;
INSERT INTO Players (Id, [Name], Position) VALUES
(265, 'Iago Aspas', 'Forward'),
(266, 'Marcos Alonso', 'Defender'),
(267, 'Óscar Mingueza', 'Defender'),
(268, 'Borja Iglesias', 'Forward'),
(269, 'Ilaix Moriba', 'Midfielder'),
(270, 'Vicente Guaita', 'Goalkeeper'),
(271, 'Hugo Álvarez', 'Midfielder'),
(272, 'Williot Swedberg', 'Midfielder'),
(273, 'Pablo Durán', 'Forward'),
(274, 'Anastasios Douvikas', 'Forward'),
(275, 'Alfonso González', 'Forward'),
(276, 'Fer López', 'Midfielder'),
(277, 'Javi Rodríguez', 'Defender'),
(278, 'Carl Starfelt', 'Defender'),
(279, 'Lucas De La Torre', 'Midfielder'),
(280, 'Jonathan Bamba', 'Forward'),
(281, 'Jailson', 'Midfielder'),
(282, 'Hugo Sotelo', 'Midfielder'),
(283, 'Franco Cervi', 'Midfielder'),
(284, 'Fran Beltrán', 'Midfielder'),
(285, 'Tadeo Allende', 'Forward'),
(286, 'Joseph Aidoo', 'Defender'),
(287, 'Javier Manquillo', 'Defender'),
(288, 'Iván Villar', 'Goalkeeper');
SET IDENTITY_INSERT Players OFF;

INSERT INTO PlayersTeams (PlayerId, TeamId) VALUES
(265, 12),
(266, 12),
(267, 12),
(268, 12),
(269, 12),
(270, 12),
(271, 12),
(272, 12),
(273, 12),
(274, 12),
(275, 12),
(276, 12),
(277, 12),
(278, 12),
(279, 12),
(280, 12),
(281, 12),
(282, 12),
(283, 12),
(284, 12),
(285, 12),
(286, 12),
(287, 12),
(288, 12);

SET IDENTITY_INSERT Players ON;
INSERT INTO Players (Id, [Name], Position) VALUES
(289, 'Jesús Navas', 'Defender'),
(290, 'Kelechi Iheanacho', 'Forward'),
(291, 'Chidera Ejuke', 'Forward'),
(292, 'Saúl', 'Midfielder'),
(293, 'Dodi Lukebakio', 'Forward'),
(294, 'Valentín Barco', 'Defender'),
(295, 'Loïc Badé', 'Defender'),
(296, 'Isaac Romero', 'Forward'),
(297, 'Gonzalo Montiel', 'Defender'),
(298, 'Adil Rami', 'Defender'),
(299, 'Marcos do Nascimento Teixeira', 'Defender'),
(300, 'Ørjan Nyland', 'Goalkeeper'),
(301, 'Gerard Fernández', 'Forward'),
(302, 'Albert Sambi Lokonga', 'Midfielder'),
(303, 'Juanlu Sánchez', 'Midfielder'),
(304, 'Suso', 'Midfielder'),
(305, 'Nemanja Gudelj', 'Midfielder'),
(306, 'Álvaro Fernández', 'Goalkeeper'),
(307, 'Fernando Llorente', 'Forward'),
(308, 'Stanís Idumbo', 'Midfielder'),
(309, 'Lucien Agoumé', 'Midfielder'),
(310, 'Tanguy Nianzou', 'Defender'),
(311, 'Sergio Rico', 'Goalkeeper'),
(312, 'Kevin Gameiro', 'Forward');
SET IDENTITY_INSERT Players OFF;

INSERT INTO PlayersTeams (PlayerId, TeamId) VALUES
(289, 13),
(290, 13),
(291, 13),
(292, 13),
(293, 13),
(294, 13),
(295, 13),
(296, 13),
(297, 13),
(298, 13),
(299, 13),
(300, 13),
(301, 13),
(302, 13),
(303, 13),
(304, 13),
(305, 13),
(306, 13),
(307, 13),
(308, 13),
(309, 13),
(310, 13),
(311, 13),
(312, 13);

SET IDENTITY_INSERT Players ON;
INSERT INTO Players (Id, [Name], Position) VALUES
(313, 'Fábio Silva', 'Forward'),
(314, 'Alberto Moleiro', 'Midfielder'),
(315, 'Marvin Park', 'Defender'),
(316, 'Oli McBurnie', 'Forward'),
(317, 'Sandro Ramírez', 'Forward'),
(318, 'Adnan Januzaj', 'Midfielder'),
(319, 'José Campaña', 'Midfielder'),
(320, 'Jasper Cillessen', 'Goalkeeper'),
(321, 'Dário Essugo', 'Midfielder'),
(322, 'Scott McKenna', 'Defender'),
(323, 'Álvaro Valles', 'Goalkeeper'),
(324, 'Kirian Rodríguez', 'Midfielder'),
(325, 'Jaime Mata', 'Forward'),
(326, 'Álex Muñoz', 'Defender'),
(327, 'Daley Sinkgraven', 'Defender'),
(328, 'Viti', 'Midfielder'),
(329, 'Fabio González', 'Midfielder'),
(330, 'Manu Fuster', 'Midfielder'),
(331, 'Mika Mármol', 'Defender'),
(332, 'Iván Gil', 'Midfielder'),
(333, 'Dinko Horkaš', 'Goalkeeper'),
(334, 'Javier Muñoz', 'Midfielder'),
(335, 'Pejiño', 'Midfielder'),
(336, 'Álex Suárez', 'Defender');
SET IDENTITY_INSERT Players OFF;

INSERT INTO PlayersTeams (PlayerId, TeamId) VALUES
(313, 14),
(314, 14),
(315, 14),
(316, 14),
(317, 14),
(318, 14),
(319, 14),
(320, 14),
(321, 14),
(322, 14),
(323, 14),
(324, 14),
(325, 14),
(326, 14),
(327, 14),
(328, 14),
(329, 14),
(330, 14),
(331, 14),
(332, 14),
(333, 14),
(334, 14),
(335, 14),
(336, 14);

SET IDENTITY_INSERT Players ON;
INSERT INTO Players (Id, [Name], Position) VALUES
(337, 'Bertuğ Yıldırım', 'Forward'),
(338, 'Álvaro Rodríguez', 'Forward'),
(339, 'Christantus Uche', 'Midfielder'),
(340, 'Borja Mayoral', 'Forward'),
(341, 'Omar Alderete', 'Defender'),
(342, 'Allan Nyom', 'Defender'),
(343, 'Djene Dakonam', 'Defender'),
(344, 'Luis Milla', 'Midfielder'),
(345, 'Mauro Arambarri', 'Midfielder'),
(346, 'Peter González', 'Forward'),
(347, 'Diego Rico', 'Defender'),
(348, 'Nabil Abderin', 'Defender'),
(349, 'Carles Pérez', 'Forward'),
(350, 'Carles Aleñá', 'Midfielder'),
(351, 'Coba da Costa', 'Forward'),
(352, 'Fabrizio Angileri', 'Defender'),
(353, 'Juan Iglesias', 'Defender'),
(354, 'John Patrick', 'Midfielder'),
(355, 'David Soria', 'Goalkeeper'),
(356, 'Juan Berrocal', 'Defender'),
(357, 'Domingos Duarte', 'Defender'),
(358, 'Jesús Santiago', 'Midfielder'),
(359, 'Alex Sola', 'Defender'),
(360, 'Abdoulaye Keita', 'Midfielder');
SET IDENTITY_INSERT Players OFF;

INSERT INTO PlayersTeams (PlayerId, TeamId) VALUES
(337, 15),
(338, 15),
(339, 15),
(340, 15),
(341, 15),
(342, 15),
(343, 15),
(344, 15),
(345, 15),
(346, 15),
(347, 15),
(348, 15),
(349, 15),
(350, 15),
(351, 15),
(352, 15),
(353, 15),
(354, 15),
(355, 15),
(356, 15),
(357, 15),
(358, 15),
(359, 15),
(360, 15);

SET IDENTITY_INSERT Players ON;
INSERT INTO Players (Id, [Name], Position) VALUES
(361, 'Renato Tapia', 'Midfielder'),
(362, 'Juan Cruz', 'Midfielder'),
(363, 'Dani Raba', 'Forward'),
(364, 'Munir El Haddadi', 'Forward'),
(365, 'Valentin Rosier', 'Defender'),
(366, 'Seydouba Cissé', 'Midfielder'),
(367, 'Marko Dmitrović', 'Goalkeeper'),
(368, 'Sergio González', 'Defender'),
(369, 'Yvan Neyou', 'Midfielder'),
(370, 'Darko Brašanac', 'Midfielder'),
(371, 'Jackson Porozo', 'Defender'),
(372, 'Miguel de la Fuente', 'Forward'),
(373, 'Naim García', 'Midfielder'),
(374, 'Javi Hernández', 'Defender'),
(375, 'Juan Soriano', 'Goalkeeper'),
(376, 'Jorge Sáenz', 'Defender'),
(377, 'Adrià Altimira', 'Midfielder'),
(378, 'Óscar Rodríguez', 'Midfielder'),
(379, 'Enric Franquesa', 'Defender'),
(380, 'Matija Nastasić', 'Defender'),
(381, 'Roberto López', 'Midfielder'),
(382, 'Joao Urbáez', 'Defender'),
(383, 'Álvaro Abajas Martín', 'Goalkeeper'),
(384, 'Diego García', 'Defender');
SET IDENTITY_INSERT Players OFF;

INSERT INTO PlayersTeams (PlayerId, TeamId) VALUES
(361, 16),
(362, 16),
(363, 16),
(364, 16),
(365, 16),
(366, 16),
(367, 16),
(368, 16),
(369, 16),
(370, 16),
(371, 16),
(372, 16),
(373, 16),
(374, 16),
(375, 16),
(376, 16),
(377, 16),
(378, 16),
(379, 16),
(380, 16),
(381, 16),
(382, 16),
(383, 16),
(384, 16);

SET IDENTITY_INSERT Players ON;
INSERT INTO Players (Id, [Name], Position) VALUES
(385, 'Luka Romero', 'Forward'),
(386, 'Carlos Martín', 'Forward'),
(387, 'Joan Jordán', 'Midfielder'),
(388, 'Kike García', 'Forward'),
(389, 'Stoichkov', 'Forward'),
(390, 'Carlos Vicente', 'Forward'),
(391, 'Asier Villalibre', 'Forward'),
(392, 'Antonio Sivera', 'Goalkeeper'),
(393, 'Toni Martínez', 'Forward'),
(394, 'Abdel Abqar', 'Defender'),
(395, 'Abde Rebbach', 'Midfielder'),
(396, 'Jon Guridi', 'Midfielder'),
(397, 'Santiago Mouriño', 'Defender'),
(398, 'Adrián Pica', 'Defender'),
(399, 'Carlos Protesoni', 'Midfielder'),
(400, 'Ander Guevara', 'Midfielder'),
(401, 'Antonio Blanco', 'Midfielder'),
(402, 'Manu Sánchez', 'Defender'),
(403, 'Jesús Owono', 'Goalkeeper'),
(404, 'Tomás Conechny', 'Midfielder'),
(405, 'Nahuel Tenaglia', 'Defender'),
(406, 'Aleksandar Sedlar', 'Defender'),
(407, 'Moussa Diarra', 'Defender'),
(408, 'Eneko Ortiz', 'Defender');
SET IDENTITY_INSERT Players OFF;

INSERT INTO PlayersTeams (PlayerId, TeamId) VALUES
(385, 17),
(386, 17),
(387, 17),
(388, 17),
(389, 17),
(390, 17),
(391, 17),
(392, 17),
(393, 17),
(394, 17),
(395, 17),
(396, 17),
(397, 17),
(398, 17),
(399, 17),
(400, 17),
(401, 17),
(402, 17),
(403, 17),
(404, 17),
(405, 17),
(406, 17),
(407, 17),
(408, 17);

SET IDENTITY_INSERT Players ON;
INSERT INTO Players (Id, [Name], Position) VALUES
(409, 'Joan García', 'Goalkeeper'),
(410, 'Javi Puado', 'Forward'),
(411, 'Alejo Véliz', 'Forward'),
(412, 'Irvin Cardona', 'Forward'),
(413, 'Alex Král', 'Midfielder'),
(414, 'Naci Ünüvar', 'Midfielder'),
(415, 'Walid Cheddira', 'Forward'),
(416, 'Marash Kumbulla', 'Defender'),
(417, 'Omar El Hilali', 'Defender'),
(418, 'Jofre Carreras', 'Midfielder'),
(419, 'Justin Smith', 'Midfielder'),
(420, 'Edu Expósito', 'Midfielder'),
(421, 'Sergi Gómez', 'Defender'),
(422, 'Carlos Romero', 'Defender'),
(423, 'Fernando Calero', 'Defender'),
(424, 'Fernando Pacheco', 'Goalkeeper'),
(425, 'Pol Lozano', 'Midfielder'),
(426, 'Pere Milla', 'Midfielder'),
(427, 'Álvaro Aguado', 'Midfielder'),
(428, 'José Gragera', 'Midfielder'),
(429, 'Álvaro Tejero', 'Defender'),
(430, 'Brian Oliván', 'Defender'),
(431, 'Antoniu Roca', 'Forward'),
(432, 'Leandro Cabrera', 'Defender');
SET IDENTITY_INSERT Players OFF;

INSERT INTO PlayersTeams (PlayerId, TeamId) 
VALUES
(409, 18),
(410, 18),
(411, 18),
(412, 18),
(413, 18),
(414, 18),
(415, 18),
(416, 18),
(417, 18),
(418, 18),
(419, 18),
(420, 18),
(421, 18),
(422, 18),
(423, 18),
(424, 18),
(425, 18),
(426, 18),
(427, 18),
(428, 18),
(429, 18),
(430, 18),
(431, 18),
(432, 18);

SET IDENTITY_INSERT Players ON;
INSERT INTO Players (Id, [Name], Position) VALUES
(433, 'Raúl Moro', 'Forward'),
(434, 'Karl Hein', 'Goalkeeper'),
(435, 'Lucas Rosa', 'Defender'),
(436, 'Juma Bah', 'Defender'),
(437, 'Anuar Mohamed', 'Midfielder'),
(438, 'Mario Martín', 'Midfielder'),
(439, 'Darwin Machís', 'Forward'),
(440, 'Kenedy', 'Midfielder'),
(441, 'Selim Amallah', 'Midfielder'),
(442, 'Juanmi Latasa', 'Forward'),
(443, 'Eray Cömert', 'Defender'),
(444, 'Mamadou Sylla', 'Forward'),
(445, 'Cenk Özkaçar', 'Defender'),
(446, 'Javi Sánchez', 'Defender'),
(447, 'Luis Pérez Maqueda', 'Defender'),
(448, 'Raúl Chasco Ruiz', 'Defender'),
(449, 'Amath Ndiaye Diedhiou', 'Forward'),
(450, 'Stanko Jurić', 'Midfielder'),
(451, 'Iván Sánchez', 'Midfielder'),
(452, 'Mario Maroto Argüello', 'Midfielder'),
(453, 'Chuki', 'Midfielder'),
(454, 'David Torres', 'Defender'),
(455, 'César de la Hoz', 'Midfielder'),
(456, 'André Ferreira', 'Goalkeeper');
SET IDENTITY_INSERT Players OFF;

INSERT INTO PlayersTeams (PlayerId, TeamId) VALUES
(433, 19),
(434, 19),
(435, 19),
(436, 19),
(437, 19),
(438, 19),
(439, 19),
(440, 19),
(441, 19),
(442, 19),
(443, 19),
(444, 19),
(445, 19),
(446, 19),
(447, 19),
(448, 19),
(449, 19),
(450, 19),
(451, 19),
(452, 19),
(453, 19),
(454, 19),
(455, 19),
(456, 19);

SET IDENTITY_INSERT Players ON;
INSERT INTO Players (Id, [Name], Position) VALUES
(457, 'Giorgi Mamardashvili', 'Goalkeeper'),
(458, 'Pepelu', 'Midfielder'),
(459, 'Rafa Mir', 'Forward'),
(460, 'Enzo Barrenechea', 'Midfielder'),
(461, 'Hugo Duro', 'Forward'),
(462, 'José Gayà', 'Defender'),
(463, 'Javi Guerra', 'Midfielder'),
(464, 'Cristhian Mosquera', 'Defender'),
(465, 'Warren Madrigal', 'Forward'),
(466, 'Dani Gómez', 'Forward'),
(467, 'Yarek Gasiorowski', 'Defender'),
(468, 'Luis Rioja', 'Forward'),
(469, 'Thierry Correia', 'Defender'),
(470, 'Maximiliano Caufriez', 'Defender'),
(471, 'Diego López', 'Forward'),
(472, 'César Tárrega', 'Defender'),
(473, 'Stole Dimitrievski', 'Goalkeeper'),
(474, 'Mouctar Diakhaby', 'Defender'),
(475, 'André Almeida', 'Midfielder'),
(476, 'Raúl Jiménez Latorre', 'Midfielder'),
(477, 'Sergi Canos', 'Midfielder'),
(478, 'Dimitri Foulquier', 'Defender'),
(479, 'Iker Córdoba Sánchez', 'Defender'),
(480, 'Hugo Guillamón', 'Defender');
SET IDENTITY_INSERT Players OFF;

INSERT INTO PlayersTeams (PlayerId, TeamId) VALUES
(457, 20),
(458, 20),
(459, 20),
(460, 20),
(461, 20),
(462, 20),
(463, 20),
(464, 20),
(465, 20),
(466, 20),
(467, 20),
(468, 20),
(469, 20),
(470, 20),
(471, 20),
(472, 20),
(473, 20),
(474, 20),
(475, 20),
(476, 20),
(477, 20),
(478, 20),
(479, 20),
(480, 20);

SET IDENTITY_INSERT Players ON;
INSERT INTO Players (Id, [Name], Position) VALUES
(481, 'Khvicha Kvaratskhelia', 'Forward'),
(482, 'Romelu Lukaku', 'Forward'),
(483, 'Scott McTominay', 'Midfielder'),
(484, 'David Neres', 'Forward'),
(485, 'Billy Gilmour', 'Midfielder'),
(486, 'Giovanni Simeone', 'Forward'),
(487, 'Giovanni Di Lorenzo', 'Defender'),
(488, 'Alex Meret', 'Goalkeeper'),
(489, 'Alessandro Buongiorno', 'Defender'),
(490, 'Mathías Olivera', 'Defender'),
(491, 'Stanislav Lobotka', 'Midfielder'),
(492, 'Rafa Marín', 'Defender'),
(493, 'Mário Rui', 'Defender'),
(494, 'Elia Caprile', 'Goalkeeper'),
(495, 'André-Frank Zambo Anguissa', 'Midfielder'),
(496, 'Giacomo Raspadori', 'Forward'),
(497, 'Leonardo Spinazzola', 'Defender'),
(498, 'Cyril Ngonge', 'Forward'),
(499, 'Juan Jesus', 'Defender'),
(500, 'Amir Rrahmani', 'Defender'),
(501, 'Michael Folorunsho', 'Midfielder'),
(502, 'Matteo Politano', 'Forward'),
(503, 'Pasquale Mazzocchi', 'Defender'),
(504, 'Alessio Zerbin', 'Forward');
SET IDENTITY_INSERT Players OFF;

INSERT INTO PlayersTeams (PlayerId, TeamId) VALUES
(481, 21),
(482, 21),
(483, 21),
(484, 21),
(485, 21),
(486, 21),
(487, 21),
(488, 21),
(489, 21),
(490, 21),
(491, 21),
(492, 21),
(493, 21),
(494, 21),
(495, 21),
(496, 21),
(497, 21),
(498, 21),
(499, 21),
(500, 21),
(501, 21),
(502, 21),
(503, 21),
(504, 21);

SET IDENTITY_INSERT Players ON;
INSERT INTO Players (Id, [Name], Position) VALUES
(505, 'Mehdi Taremi', 'Forward'),
(506, 'Lautaro Martínez', 'Forward'),
(507, 'Hakan Çalhanoğlu', 'Midfielder'),
(508, 'Marcus Thuram', 'Forward'),
(509, 'Henrikh Mkhitaryan', 'Midfielder'),
(510, 'Nicolò Barella', 'Midfielder'),
(511, 'Yann Sommer', 'Goalkeeper'),
(512, 'Piotr Zieliński', 'Midfielder'),
(513, 'Federico Dimarco', 'Defender'),
(514, 'Joaquín Correa', 'Forward'),
(515, 'Davide Frattesi', 'Midfielder'),
(516, 'Denzel Dumfries', 'Defender'),
(517, 'Tajon Buchanan', 'Midfielder'),
(518, 'Benjamin Pavard', 'Defender'),
(519, 'Marko Arnautović', 'Forward'),
(520, 'Yann Aurel Bisseck', 'Defender'),
(521, 'Tomás Palacios', 'Defender'),
(522, 'Carlos Augusto', 'Defender'),
(523, 'Francesco Acerbi', 'Defender'),
(524, 'Alessandro Bastoni', 'Defender'),
(525, 'Kristjan Asllani', 'Midfielder'),
(526, 'Josep Martínez', 'Goalkeeper'),
(527, 'Matteo Darmian', 'Defender'),
(528, 'Stefan de Vrij', 'Defender');
SET IDENTITY_INSERT Players OFF;

INSERT INTO PlayersTeams (PlayerId, TeamId) VALUES
(505, 22),
(506, 22),
(507, 22),
(508, 22),
(509, 22),
(510, 22),
(511, 22),
(512, 22),
(513, 22),
(514, 22),
(515, 22),
(516, 22),
(517, 22),
(518, 22),
(519, 22),
(520, 22),
(521, 22),
(522, 22),
(523, 22),
(524, 22),
(525, 22),
(526, 22),
(527, 22),
(528, 22);

SET IDENTITY_INSERT Players ON;
INSERT INTO Players (Id, [Name], Position) VALUES
(529, 'Ademola Lookman', 'Forward'),
(530, 'Mateo Retegui', 'Forward'),
(531, 'Nicolò Zaniolo', 'Forward'),
(532, 'Charles De Ketelaere', 'Forward'),
(533, 'Juan Cuadrado', 'Midfielder'),
(534, 'Éderson', 'Midfielder'),
(535, 'Gianluca Scamacca', 'Forward'),
(536, 'Rui Patrício', 'Goalkeeper'),
(537, 'Lazar Samardžić', 'Midfielder'),
(538, 'Vanja Vlahović', 'Forward'),
(539, 'Odilon Kossounou', 'Defender'),
(540, 'Sead Kolašinac', 'Defender'),
(541, 'Marco Carnesecchi', 'Goalkeeper'),
(542, 'Isak Hien', 'Defender'),
(543, 'Giorgio Scalvini', 'Defender'),
(544, 'Davide Zappacosta', 'Defender'),
(545, 'Raoul Bellanova', 'Defender'),
(546, 'Marten de Roon', 'Midfielder'),
(547, 'Marco Brescianini', 'Midfielder'),
(548, 'Matteo Ruggeri', 'Defender'),
(549, 'Mario Pašalić', 'Midfielder'),
(550, 'Rafael Tolói', 'Defender'),
(551, 'Berat Djimsiti', 'Defender'),
(552, 'Ibrahim Sulemana', 'Midfielder');
SET IDENTITY_INSERT Players OFF;

INSERT INTO PlayersTeams (PlayerId, TeamId) VALUES
(529, 23),
(530, 23),
(531, 23),
(532, 23),
(533, 23),
(534, 23),
(535, 23),
(536, 23),
(537, 23),
(538, 23),
(539, 23),
(540, 23),
(541, 23),
(542, 23),
(543, 23),
(544, 23),
(545, 23),
(546, 23),
(547, 23),
(548, 23),
(549, 23),
(550, 23),
(551, 23),
(552, 23);

SET IDENTITY_INSERT Players ON;
INSERT INTO Players (Id, [Name], Position) VALUES
(553, 'Pedro', 'Forward'),
(554, 'Nuno Tavares', 'Defender'),
(555, 'Valentín Castellanos', 'Forward'),
(556, 'Tijjani Noslin', 'Forward'),
(557, 'Boulaye Dia', 'Forward'),
(558, 'Mattéo Guendouzi', 'Midfielder'),
(559, 'Mattia Zaccagni', 'Midfielder'),
(560, 'Samuel Gigot', 'Defender'),
(561, 'Fisayo Dele-Bashiru', 'Midfielder'),
(562, 'Ivan Provedel', 'Goalkeeper'),
(563, 'Nicolò Rovella', 'Midfielder'),
(564, 'Gustav Isaksen', 'Forward'),
(565, 'Loum Tchaouna', 'Forward'),
(566, 'Alessio Romagnoli', 'Defender'),
(567, 'Mario Gila', 'Defender'),
(568, 'Manuel Lazzari', 'Midfielder'),
(569, 'Gaetano Castrovilli', 'Midfielder'),
(570, 'Luca Pellegrini', 'Defender'),
(571, 'Patric', 'Defender'),
(572, 'Matías Vecino', 'Midfielder'),
(573, 'Elseid Hysaj', 'Defender'),
(574, 'Adam Marušić', 'Defender'),
(575, 'Diego González', 'Forward'),
(576, 'Alessio Furlanetto', 'Goalkeeper');
SET IDENTITY_INSERT Players OFF;

INSERT INTO PlayersTeams (PlayerId, TeamId) VALUES
(553, 24),
(554, 24),
(555, 24),
(556, 24),
(557, 24),
(558, 24),
(559, 24),
(560, 24),
(561, 24),
(562, 24),
(563, 24),
(564, 24),
(565, 24),
(566, 24),
(567, 24),
(568, 24),
(569, 24),
(570, 24),
(571, 24),
(572, 24),
(573, 24),
(574, 24),
(575, 24),
(576, 24);

SET IDENTITY_INSERT Players ON;
INSERT INTO Players (Id, [Name], Position) VALUES
(577, 'Kenan Yildiz', 'Forward'),
(578, 'Dušan Vlahović', 'Forward'),
(579, 'Francisco Conceição', 'Forward'),
(580, 'Douglas Luiz', 'Midfielder'),
(581, 'Teun Koopmeiners', 'Midfielder'),
(582, 'Nicolás González', 'Forward'),
(583, 'Danilo', 'Defender'),
(584, 'Weston McKennie', 'Midfielder'),
(585, 'Timothy Weah', 'Midfielder'),
(586, 'Khéphren Thuram', 'Midfielder'),
(587, 'Arthur Melo', 'Midfielder'),
(588, 'Michele Di Gregorio', 'Goalkeeper'),
(589, 'Andrea Cambiaso', 'Defender'),
(590, 'Juan Cabal', 'Defender'),
(591, 'Gleison Bremer', 'Defender'),
(592, 'Samuel Mbangula', 'Forward'),
(593, 'Arkadiusz Milik', 'Forward'),
(594, 'Pierre Kalulu', 'Defender'),
(595, 'Nicolò Savona', 'Defender'),
(596, 'Mattia Perin', 'Goalkeeper'),
(597, 'Manuel Locatelli', 'Midfielder'),
(598, 'Vasilije Adžić', 'Defender'),
(599, 'Nicolò Fagioli', 'Midfielder'),
(600, 'Federico Gatti', 'Defender');
SET IDENTITY_INSERT Players OFF;

INSERT INTO PlayersTeams (PlayerId, TeamId) VALUES
(577, 25),
(578, 25),
(579, 25),
(580, 25),
(581, 25),
(582, 25),
(583, 25),
(584, 25),
(585, 25),
(586, 25),
(587, 25),
(588, 25),
(589, 25),
(590, 25),
(591, 25),
(592, 25),
(593, 25),
(594, 25),
(595, 25),
(596, 25),
(597, 25),
(598, 25),
(599, 25),
(600, 25);

SET IDENTITY_INSERT Players ON;
INSERT INTO Players (Id, [Name], Position) VALUES
(601, 'Edoardo Bove', 'Midfielder'),
(602, 'David de Gea', 'Goalkeeper'),
(603, 'Moise Kean', 'Forward'),
(604, 'Albert Guðmundsson', 'Forward'),
(605, 'Yacine Adli', 'Midfielder'),
(606, 'Michael Folorunsho', 'Midfielder'),
(607, 'Robin Gosens', 'Defender'),
(608, 'Lucas Martínez Quarta', 'Defender'),
(609, 'Dodô', 'Defender'),
(610, 'Amir Richardson', 'Midfielder'),
(611, 'Cristiano Biraghi', 'Defender'),
(612, 'Riccardo Sottil', 'Forward'),
(613, 'Lucas Beltrán', 'Forward'),
(614, 'Luca Ranieri', 'Defender'),
(615, 'Jonathan Ikoné', 'Midfielder'),
(616, 'Andrea Colpani', 'Midfielder'),
(617, 'Pietro Comuzzo', 'Defender'),
(618, 'Fabiano Parisi', 'Defender'),
(619, 'Danilo Cataldi', 'Forward'),
(620, 'Michael Kayode', 'Defender'),
(621, 'Christian Kouamé', 'Forward'),
(622, 'Matías Moreno', 'Goalkeeper'),
(623, 'Pietro Terracciano', 'Goalkeeper'),
(624, 'Tommaso Martinelli', 'Goalkeeper');
SET IDENTITY_INSERT Players OFF;

INSERT INTO PlayersTeams (PlayerId, TeamId) VALUES
(601, 26),
(602, 26),
(603, 26),
(604, 26),
(605, 26),
(606, 26),
(607, 26),
(608, 26),
(609, 26),
(610, 26),
(611, 26),
(612, 26),
(613, 26),
(614, 26),
(615, 26),
(616, 26),
(617, 26),
(618, 26),
(619, 26),
(620, 26),
(621, 26),
(622, 26),
(623, 26),
(624, 26);

SET IDENTITY_INSERT Players ON;
INSERT INTO Players (Id, [Name], Position) VALUES
(625, 'Lewis Ferguson', 'Midfielder'),
(626, 'Santiago Castro', 'Forward'),
(627, 'Dan Ndoye', 'Forward'),
(628, 'Benjamin Domínguez', 'Forward'),
(629, 'Thijs Dallinga', 'Forward'),
(630, 'Riccardo Orsolini', 'Forward'),
(631, 'Kacper Urbanski', 'Midfielder'),
(632, 'Jesper Karlsson', 'Forward'),
(633, 'Łukasz Skorupski', 'Goalkeeper'),
(634, 'Jhon Lucumí', 'Defender'),
(635, 'Juan Miranda', 'Defender'),
(636, 'Giovanni Fabbian', 'Midfielder'),
(637, 'Tommaso Pobega', 'Defender'),
(638, 'Tommaso Corazza', 'Defender'),
(639, 'Jens Odgaard', 'Forward'),
(640, 'Sam Beukema', 'Defender'),
(641, 'Emil Holm', 'Defender'),
(642, 'Remo Freuler', 'Midfielder'),
(643, 'Stefan Posch', 'Defender'),
(644, 'Oussama El Azzouzi', 'Midfielder'),
(645, 'Lorenzo De Silvestri', 'Defender'),
(646, 'Michel Aebischer', 'Midfielder'),
(647, 'Nicolò Cambiaghi', 'Forward'),
(648, 'Samuel Iling-Junior', 'Forward');
SET IDENTITY_INSERT Players OFF;

INSERT INTO PlayersTeams (PlayerId, TeamId) VALUES
(625, 27),
(626, 27),
(627, 27),
(628, 27),
(629, 27),
(630, 27),
(631, 27),
(632, 27),
(633, 27),
(634, 27),
(635, 27),
(636, 27),
(637, 27),
(638, 27),
(639, 27),
(640, 27),
(641, 27),
(642, 27),
(643, 27),
(644, 27),
(645, 27),
(646, 27),
(647, 27),
(648, 27);

SET IDENTITY_INSERT Players ON;
INSERT INTO Players (Id, [Name], Position) VALUES
(649, 'Christian Pulisic', 'Midfielder'),
(650, 'Rafael Leão', 'Forward'),
(651, 'Álvaro Morata', 'Forward'),
(652, 'Tijjani Reijnders', 'Midfielder'),
(653, 'Theo Hernández', 'Defender'),
(654, 'Tammy Abraham', 'Forward'),
(655, 'Francesco Camarda', 'Forward'),
(656, 'Youssouf Fofana', 'Midfielder'),
(657, 'Álex Jiménez', 'Defender'),
(658, 'Emerson Royal', 'Defender'),
(659, 'Mike Maignan', 'Goalkeeper'),
(660, 'Samuel Chukwueze', 'Forward'),
(661, 'Ismaël Bennacer', 'Midfielder'),
(662, 'Fikayo Tomori', 'Defender'),
(663, 'Strahinja Pavlović', 'Defender'),
(664, 'Noah Okafor', 'Forward'),
(665, 'Yunus Musah', 'Midfielder'),
(666, 'Malick Thiaw', 'Defender'),
(667, 'Lorenzo Toriiani', 'Goalkeeper'),
(668, 'Davide Calabria', 'Defender'),
(669, 'Luka Jović', 'Forward'),
(670, 'Matteo Gabbia', 'Defender'),
(671, 'Filippo Terracciano', 'Midfielder'),
(672, 'Ruben Loftus-Cheek', 'Midfielder');
SET IDENTITY_INSERT Players OFF;

INSERT INTO PlayersTeams (PlayerId, TeamId) VALUES
(649, 28),
(650, 28),
(651, 28),
(652, 28),
(653, 28),
(654, 28),
(655, 28),
(656, 28),
(657, 28),
(658, 28),
(659, 28),
(660, 28),
(661, 28),
(662, 28),
(663, 28),
(664, 28),
(665, 28),
(666, 28),
(667, 28),
(668, 28),
(669, 28),
(670, 28),
(671, 28),
(672, 28);

SET IDENTITY_INSERT Players ON;
INSERT INTO Players (Id, [Name], Position) VALUES
(673, 'Alexis Sánchez', 'Forward'),
(674, 'Florian Thauvin', 'Forward'),
(675, 'Damián Pizarro', 'Forward'),
(676, 'Lorenzo Lucca', 'Forward'),
(677, 'Keinan Davis', 'Forward'),
(678, 'Brenner', 'Forward'),
(679, 'Gerard Deulofeu', 'Forward'),
(680, 'Isaak Touré', 'Defender'),
(681, 'Maduka Okoye', 'Goalkeeper'),
(682, 'Răzvan Sava', 'Goalkeeper'),
(683, 'Martín Payero', 'Midfielder'),
(684, 'Thomas Thorsby', 'Defender'),
(685, 'Jaka Bijol', 'Defender'),
(686, 'Jordan Zemura', 'Defender'),
(687, 'Jesper Karlström', 'Midfielder'),
(688, 'Jurgen Ekkelenkamp', 'Midfielder'),
(689, 'Lautaro Giannetti', 'Defender'),
(690, 'Sandi Lovrić', 'Midfielder'),
(691, 'Hassane Kamara', 'Midfielder'),
(692, 'Rui Modesto', 'Midfielder'),
(693, 'Christian Kabasele', 'Defender'),
(694, 'Arthur Atta', 'Midfielder'),
(695, 'Kingsley Ehizibue', 'Defender'),
(696, 'Oier Zarraga', 'Midfielder');
SET IDENTITY_INSERT Players OFF;

INSERT INTO PlayersTeams (PlayerId, TeamId) VALUES
(673, 29),
(674, 29),
(675, 29),
(676, 29),
(677, 29),
(678, 29),
(679, 29),
(680, 29),
(681, 29),
(682, 29),
(683, 29),
(684, 29),
(685, 29),
(686, 29),
(687, 29),
(688, 29),
(689, 29),
(690, 29),
(691, 29),
(692, 29),
(693, 29),
(694, 29),
(695, 29),
(696, 29);

SET IDENTITY_INSERT Players ON;
INSERT INTO Players (Id, [Name], Position) VALUES
(697, 'Paulo Dybala', 'Forward'),
(698, 'Mats Hummels', 'Defender'),
(699, 'Artem Dovbyk', 'Forward'),
(700, 'Saud Abdulhamid', 'Defender'),
(701, 'Lorenzo Pellegrini', 'Midfielder'),
(702, 'Nicola Zalewski', 'Midfielder'),
(703, 'Manu Koné', 'Midfielder'),
(704, 'Stephan El Shaarawy', 'Forward'),
(705, 'Mile Svilar', 'Goalkeeper'),
(706, 'Alexis Saelemaekers', 'Forward'),
(707, 'Leandro Paredes', 'Midfielder'),
(708, 'Gianluca Mancini', 'Defender'),
(709, 'Mathew Ryan', 'Goalkeeper'),
(710, 'Matías Soulé', 'Forward'),
(711, 'Mario Hermoso', 'Defender'),
(712, 'Eldor Shomurodov', 'Forward'),
(713, 'Mehmet Zeki Çelik', 'Defender'),
(714, 'Angeliño', 'Defender'),
(715, 'Enzo Le Fée', 'Midfielder'),
(716, 'Tommaso Baldanzi', 'Midfielder'),
(717, 'Niccolò Pisilli', 'Midfielder'),
(718, 'Evan Ndicka', 'Defender'),
(719, 'Bryan Cristante', 'Defender'),
(720, 'Samuel Dahl', 'Defender');
SET IDENTITY_INSERT Players OFF;

INSERT INTO PlayersTeams (PlayerId, TeamId) VALUES
(697, 30),
(698, 30),
(699, 30),
(700, 30),
(701, 30),
(702, 30),
(703, 30),
(704, 30),
(705, 30),
(706, 30),
(707, 30),
(708, 30),
(709, 30),
(710, 30),
(711, 30),
(712, 30),
(713, 30),
(714, 30),
(715, 30),
(716, 30),
(717, 30),
(718, 30),
(719, 30),
(720, 30);

SET IDENTITY_INSERT Players ON;
INSERT INTO Players (Id, [Name], Position) VALUES
(721, 'Mario Balotelli', 'Forward'),
(722, 'Johan Vásquez', 'Defender'),
(723, 'Vitinha', 'Forward'),
(724, 'Andrea Pinamonti', 'Forward'),
(725, 'Junior Messias', 'Forward'),
(726, 'Alessandro Vogliacco', 'Defender'),
(727, 'Fabio Miretti', 'Midfielder'),
(728, 'Gastón Pereiro', 'Midfielder'),
(729, 'Nicola Leali', 'Goalkeeper'),
(730, 'Lior Kasa', 'Midfielder'),
(731, 'Jeff Ekhator', 'Forward'),
(732, 'Pierluigi Gollini', 'Goalkeeper'),
(733, 'Caleb Ekuban', 'Forward'),
(734, 'Ruslan Malinovskyi', 'Midfielder'),
(735, 'Mattia Bani', 'Defender'),
(736, 'Morten Frendrup', 'Midfielder'),
(737, 'Alessandro Zanoli', 'Defender'),
(738, 'Morten Thorsby', 'Midfielder'),
(739, 'Stefano Sabelli', 'Defender'),
(740, 'Koni De Winter', 'Defender'),
(741, 'Brooke Norton-Cuffy', 'Defender'),
(742, 'Milan Badelj', 'Midfielder'),
(743, 'Alan Matturro', 'Defender'),
(744, 'Aarón Caricol', 'Defender');
SET IDENTITY_INSERT Players OFF;

INSERT INTO PlayersTeams (PlayerId, TeamId) VALUES
(721, 31),
(722, 31),
(723, 31),
(724, 31),
(725, 31),
(726, 31),
(727, 31),
(728, 31),
(729, 31),
(730, 31),
(731, 31),
(732, 31),
(733, 31),
(734, 31),
(735, 31),
(736, 31),
(737, 31),
(738, 31),
(739, 31),
(740, 31),
(741, 31),
(742, 31),
(743, 31),
(744, 31);

SET IDENTITY_INSERT Players ON;
INSERT INTO Players (Id, [Name], Position) VALUES
(745, 'Che Adams', 'Forward'),
(746, 'Duván Zapata', 'Forward'),
(747, 'Antonio Donnarumma', 'Goalkeeper'),
(748, 'Samuele Ricci', 'Midfielder'),
(749, 'Antonio Sanabria', 'Forward'),
(750, 'Guillermo Maripán', 'Defender'),
(751, 'Nikola Vlašić', 'Midfielder'),
(752, 'Vanja Milinković-Savić', 'Goalkeeper'),
(753, 'Emirhan İlkhan', 'Midfielder'),
(754, 'Alieu Njie', 'Forward'),
(755, 'Borna Sosa', 'Defender'),
(756, 'Perr Schuurs', 'Defender'),
(757, 'Ivan Ilić', 'Midfielder'),
(758, 'Marcus Holmgren Pedersen', 'Defender'),
(759, 'Sebastian Walukiewicz', 'Defender'),
(760, 'Karol Linetty', 'Midfielder'),
(761, 'Brian Bayeye', 'Midfielder'),
(762, 'Valentino Lazaro', 'Midfielder'),
(763, 'Adam Masina', 'Defender'),
(764, 'Yann Karamoh', 'Forward'),
(765, 'Saúl Coco', 'Defender'),
(766, 'Gvidas Gineitis', 'Midfielder'),
(767, 'Alberto Paleari', 'Goalkeeper'),
(768, 'Mërgim Vojvoda', 'Defender');
SET IDENTITY_INSERT Players OFF;

INSERT INTO PlayersTeams (PlayerId, TeamId) VALUES
(745, 32),
(746, 32),
(747, 32),
(748, 32),
(749, 32),
(750, 32),
(751, 32),
(752, 32),
(753, 32),
(754, 32),
(755, 32),
(756, 32),
(757, 32),
(758, 32),
(759, 32),
(760, 32),
(761, 32),
(762, 32),
(763, 32),
(764, 32),
(765, 32),
(766, 32),
(767, 32),
(768, 32);

SET IDENTITY_INSERT Players ON;
INSERT INTO Players (Id, [Name], Position) VALUES
(769, 'Patrick Dorgu', 'Defender'),
(770, 'Ante Rebić', 'Forward'),
(771, 'Nikola Krstović', 'Forward'),
(772, 'Luis Hasa', 'Midfielder'),
(773, 'Kalonda Gaspar', 'Defender'),
(774, 'Tete Morente', 'Forward'),
(775, 'Rémi Oudin', 'Midfielder'),
(776, 'Andy Pelmard', 'Defender'),
(777, 'Filip Marchwiński', 'Midfielder'),
(778, 'Federico Baschirotto', 'Defender'),
(779, 'Ylber Ramadani', 'Midfielder'),
(780, 'Christian Früchtl', 'Goalkeeper'),
(781, 'Santiago Pierotti', 'Midfielder'),
(782, 'Lameck Banda', 'Midfielder'),
(783, 'Kevin Bonifazi', 'Defender'),
(784, 'Gaby Jean', 'Defender'),
(785, 'Antonino Gallo', 'Defender'),
(786, 'Wladimiro Falcone', 'Goalkeeper'),
(787, 'Balthazar Pierret', 'Midfielder'),
(788, 'Frédéric Guilbert', 'Defender'),
(789, 'Hamza Rafia', 'Midfielder'),
(790, 'Sebastian Esposito', 'Forward'),
(791, 'Nicola Sansone', 'Forward'),
(792, 'Medon Berisha', 'Goalkeeper');
SET IDENTITY_INSERT Players OFF;

INSERT INTO PlayersTeams (PlayerId, TeamId) VALUES
(769, 33),
(770, 33),
(771, 33),
(772, 33),
(773, 33),
(774, 33),
(775, 33),
(776, 33),
(777, 33),
(778, 33),
(779, 33),
(780, 33),
(781, 33),
(782, 33),
(783, 33),
(784, 33),
(785, 33),
(786, 33),
(787, 33),
(788, 33),
(789, 33),
(790, 33),
(791, 33),
(792, 33);

SET IDENTITY_INSERT Players ON;
INSERT INTO Players (Id, [Name], Position) VALUES
(793, 'Jacopo Fazzini', 'Midfielder'),
(794, 'Devis Vásquez', 'Goalkeeper'),
(795, 'Sebastiano Esposito', 'Forward'),
(796, 'Tino Anjorin', 'Midfielder'),
(797, 'Lorenzo Colombo', 'Forward'),
(798, 'Emmanuel Ekong', 'Forward'),
(799, 'Saba Goglichidze', 'Defender'),
(800, 'Jacopo Seghetti', 'Defender'),
(801, 'Ola Solbakken', 'Forward'),
(802, 'Pietro Pellegri', 'Forward'),
(803, 'Liberato Cacace', 'Defender'),
(804, 'Liam Henderson', 'Midfielder'),
(805, 'Mattia De Sciglio', 'Defender'),
(806, 'Ardian Ismajli', 'Defender'),
(807, 'Giuseppe Pezzella', 'Defender'),
(808, 'Szymon Żurkowski', 'Midfielder'),
(809, 'Emmanuel Gyasi', 'Forward'),
(810, 'Mattia Viti', 'Defender'),
(811, 'Luca Marianucci', 'Midfielder'),
(812, 'Nicolas Haas', 'Midfielder'),
(813, 'Youssef Maleh', 'Midfielder'),
(814, 'Dawid Bemnista', 'Defender'),
(815, 'Luca Belardinelli', 'Midfielder'),
(816, 'Tyrone Ebuehi', 'Defender');
SET IDENTITY_INSERT Players OFF;

INSERT INTO PlayersTeams (PlayerId, TeamId) VALUES
(793, 34),
(794, 34),
(795, 34),
(796, 34),
(797, 34),
(798, 34),
(799, 34),
(800, 34),
(801, 34),
(802, 34),
(803, 34),
(804, 34),
(805, 34),
(806, 34),
(807, 34),
(808, 34),
(809, 34),
(810, 34),
(811, 34),
(812, 34),
(813, 34),
(814, 34),
(815, 34),
(816, 34);

SET IDENTITY_INSERT Players ON;
INSERT INTO Players (Id, [Name], Position) VALUES
(817, 'Nico Paz', 'Midfielder'),
(818, 'Sergi Roberto', 'Midfielder'),
(819, 'Pepe Reina', 'Goalkeeper'),
(820, 'Ali Jasim', 'Midfielder'),
(821, 'Andrea Belotti', 'Forward'),
(822, 'Emil Audero', 'Goalkeeper'),
(823, 'Patrick Cutrone', 'Forward'),
(824, 'Alberto Moreno', 'Defender'),
(825, 'Alessandro Gabrielloni', 'Forward'),
(826, 'Máximo Perrone', 'Midfielder'),
(827, 'Lucas Da Cunha', 'Midfielder'),
(828, 'Gabriel Strefezza', 'Forward'),
(829, 'Alberto Dossena', 'Defender'),
(830, 'Alieu Fadera', 'Forward'),
(831, 'Marc-Oliver Kempf', 'Defender'),
(832, 'Luca Mazzitelli', 'Midfielder'),
(833, 'Yannik Engelhardt', 'Midfielder'),
(834, 'Matthias Brauñoder', 'Midfielder'),
(835, 'Simone Verdi', 'Forward'),
(836, 'Edoardo Goldaniga', 'Defender'),
(837, 'Federico Barba', 'Defender'),
(838, 'Naj Razi', 'Midfielder'),
(839, 'Daniele Baselli', 'Midfielder'),
(840, 'Francesco Luis Andrelli', 'Midfielder');
SET IDENTITY_INSERT Players OFF;

INSERT INTO PlayersTeams (PlayerId, TeamId) VALUES
(817, 35),
(818, 35),
(819, 35),
(820, 35),
(821, 35),
(822, 35),
(823, 35),
(824, 35),
(825, 35),
(826, 35),
(827, 35),
(828, 35),
(829, 35),
(830, 35),
(831, 35),
(832, 35),
(833, 35),
(834, 35),
(835, 35),
(836, 35),
(837, 35),
(838, 35),
(839, 35),
(840, 35);

SET IDENTITY_INSERT Players ON;
INSERT INTO Players (Id, [Name], Position) VALUES
(841, 'Reda Belahyane', 'Midfielder'),
(842, 'Casper Tengstedt', 'Forward'),
(843, 'Daniel Mosquera', 'Forward'),
(844, 'Daniele Ghilardi', 'Defender'),
(845, 'Jackson Tchatchoua', 'Defender'),
(846, 'Amin Sarr', 'Forward'),
(847, 'Abdou Harroui', 'Midfielder'),
(848, 'Paweł Dawidowicz', 'Defender'),
(849, 'Suat Serdar', 'Midfielder'),
(850, 'Darko Lazović', 'Midfielder'),
(851, 'Faride Alidou', 'Forward'),
(852, 'Dailon Livramento', 'Forward'),
(853, 'Tomáš Suslov', 'Midfielder'),
(854, 'Ayanda Sishuba', 'Midfielder'),
(855, 'Lorenzo Montipò', 'Goalkeeper'),
(856, 'Grigoris Kastanos', 'Midfielder'),
(857, 'Mathis Lambourde', 'Midfielder'),
(858, 'Ondrej Duda', 'Midfielder'),
(859, 'Yllan Okou', 'Defender'),
(860, 'Domagoj Bradarić', 'Defender'),
(861, 'Dani Silva', 'Defender'),
(862, 'Flavius Daniliuc', 'Defender'),
(863, 'Juan Manuel Cruz', 'Forward'),
(864, 'Davide Faraoni', 'Defender');
SET IDENTITY_INSERT Players OFF;

INSERT INTO PlayersTeams (PlayerId, TeamId) VALUES
(841, 36),
(842, 36),
(843, 36),
(844, 36),
(845, 36),
(846, 36),
(847, 36),
(848, 36),
(849, 36),
(850, 36),
(851, 36),
(852, 36),
(853, 36),
(854, 36),
(855, 36),
(856, 36),
(857, 36),
(858, 36),
(859, 36),
(860, 36),
(861, 36),
(862, 36),
(863, 36),
(864, 36);

SET IDENTITY_INSERT Players ON;
INSERT INTO Players (Id, [Name], Position) VALUES
(865, 'Zion Suzuki', 'Goalkeeper'),
(866, 'Dennis Man', 'Forward'),
(867, 'Woyo Coulibaly', 'Defender'),
(868, 'Ange-Yoan Bonny', 'Forward'),
(869, 'Adrián Bernabé', 'Midfielder'),
(870, 'Hernani', 'Midfielder'),
(871, 'Alessandro Circati', 'Defender'),
(872, 'Valentin Mihăilă', 'Forward'),
(873, 'Adrian Benedyczak', 'Forward'),
(874, 'Yordan Osorio', 'Defender'),
(875, 'Leandro Chichizola', 'Goalkeeper'),
(876, 'Simon Sohm', 'Midfielder'),
(877, 'Anas Haj Mohamed', 'Forward'),
(878, 'Botond Balogh', 'Defender'),
(879, 'Emanuele Valeri', 'Defender'),
(880, 'Enrico Del Prato', 'Defender'),
(881, 'Gabriel Charpentier', 'Forward'),
(882, 'Nahuel Estévez', 'Midfielder'),
(883, 'Pontus Almqvist', 'Midfielder'),
(884, 'Mandela Keita', 'Midfielder'),
(885, 'Wylan Cyprien', 'Midfielder'),
(886, 'Giovanni Leoni', 'Midfielder'),
(887, 'Antoine Hainaut', 'Midfielder'),
(888, 'Mateusz Kowalski', 'Midfielder');
SET IDENTITY_INSERT Players OFF;

INSERT INTO PlayersTeams (PlayerId, TeamId) VALUES
(865, 37),
(866, 37),
(867, 37),
(868, 37),
(869, 37),
(870, 37),
(871, 37),
(872, 37),
(873, 37),
(874, 37),
(875, 37),
(876, 37),
(877, 37),
(878, 37),
(879, 37),
(880, 37),
(881, 37),
(882, 37),
(883, 37),
(884, 37),
(885, 37),
(886, 37),
(887, 37),
(888, 37);

SET IDENTITY_INSERT Players ON;
INSERT INTO Players (Id, [Name], Position) VALUES
(889, 'Gianluca Lapadula', 'Forward'),
(890, 'Yerry Mina', 'Defender'),
(891, 'Mattia Felici', 'Forward'),
(892, 'Roberto Piccoli', 'Forward'),
(893, 'Nadir Zortea', 'Defender'),
(894, 'Jakub Jankto', 'Midfielder'),
(895, 'Simone Scuffet', 'Goalkeeper'),
(896, 'Răzvan Marin', 'Midfielder'),
(897, 'Zito Luvumbo', 'Forward'),
(898, 'Gabriele Zappa', 'Defender'),
(899, 'Alen Sherri', 'Goalkeeper'),
(900, 'Nicolas Viola', 'Midfielder'),
(901, 'Leonardo Pavoletti', 'Forward'),
(902, 'Gianluca Gaetano', 'Midfielder'),
(903, 'Michel Ndary Adopo', 'Midfielder'),
(904, 'Sebastiano Luperto', 'Defender'),
(905, 'Antoine Makoumbou', 'Midfielder'),
(906, 'José Luis Palomino', 'Defender'),
(907, 'Mateusz Wieteska', 'Defender'),
(908, 'Alessandro Deiola', 'Defender'),
(909, 'Paulo Azzi', 'Defender'),
(910, 'Matteo Prati', 'Midfielder'),
(911, 'Kingstone Mutandwa', 'Forward'),
(912, 'Adam Obert', 'Defender');
SET IDENTITY_INSERT Players OFF;

INSERT INTO PlayersTeams (PlayerId, TeamId) VALUES
(889, 38),
(890, 38),
(891, 38),
(892, 38),
(893, 38),
(894, 38),
(895, 38),
(896, 38),
(897, 38),
(898, 38),
(899, 38),
(900, 38),
(901, 38),
(902, 38),
(903, 38),
(904, 38),
(905, 38),
(906, 38),
(907, 38),
(908, 38),
(909, 38),
(910, 38),
(911, 38),
(912, 38);

SET IDENTITY_INSERT Players ON;
INSERT INTO Players (Id, [Name], Position) VALUES
(913, 'Jay Idzes', 'Defender'),
(914, 'Joel Pohjanpalo', 'Forward'),
(915, 'Gaetano Oristanio', 'Forward'),
(916, 'Gianluca Busio', 'Midfielder'),
(917, 'John Yeboah', 'Midfielder'),
(918, 'Antonio Raimondo', 'Forward'),
(919, 'Filip Stanković', 'Goalkeeper'),
(920, 'Alfred Duncan', 'Midfielder'),
(921, 'Hans Nicolussi Caviglia', 'Midfielder'),
(922, 'Antonio Candela', 'Defender'),
(923, 'Francesco Zampano', 'Defender'),
(924, 'Jesse Joronen', 'Goalkeeper'),
(925, 'Mikael Egill Ellertsson', 'Midfielder'),
(926, 'Ridgeciano Haps', 'Midfielder'),
(927, 'Saad El Haddad', 'Midfielder'),
(928, 'Michael Svoboda', 'Defender'),
(929, 'Marin Šverko', 'Defender'),
(930, 'Christian Gytkjær', 'Forward'),
(931, 'Franco Carboni', 'Defender'),
(932, 'Issa Doumbia', 'Midfielder'),
(933, 'Bjarki Steinn Bjarkason', 'Midfielder'),
(934, 'Luca Fiordilino', 'Midfielder'),
(935, 'Domen Črnigoj', 'Midfielder'),
(936, 'Giorgio Altare', 'Defender');
SET IDENTITY_INSERT Players OFF;

INSERT INTO PlayersTeams (PlayerId, TeamId) VALUES
(913, 39),
(914, 39),
(915, 39),
(916, 39),
(917, 39),
(918, 39),
(919, 39),
(920, 39),
(921, 39),
(922, 39),
(923, 39),
(924, 39),
(925, 39),
(926, 39),
(927, 39),
(928, 39),
(929, 39),
(930, 39),
(931, 39),
(932, 39),
(933, 39),
(934, 39),
(935, 39),
(936, 39);

SET IDENTITY_INSERT Players ON;
INSERT INTO Players (Id, [Name], Position) VALUES
(937, 'Daniel Maldini', 'Forward'),
(938, 'Warren Bondo', 'Midfielder'),
(939, 'Milan Đurić', 'Forward'),
(940, 'Matteo Pessina', 'Midfielder'),
(941, 'Dany Mota', 'Forward'),
(942, 'Andrea Petagna', 'Forward'),
(943, 'Omari Forson', 'Forward'),
(944, 'Pablo Marí', 'Defender'),
(945, 'Giorgos Kyriakopoulos', 'Defender'),
(946, 'Gianluca Caprari', 'Forward'),
(947, 'Danilo D’Ambrosio', 'Defender'),
(948, 'Alessio Cragno', 'Goalkeeper'),
(949, 'Alessandro Bianco', 'Midfielder'),
(950, 'Stefano Turati', 'Goalkeeper'),
(951, 'Roberto Gagliardini', 'Midfielder'),
(952, 'Samuele Birindelli', 'Defender'),
(953, 'Stefano Sensi', 'Midfielder'),
(954, 'Samuele Vignato', 'Forward'),
(955, 'Samuel Pizzignacco', 'Goalkeeper'),
(956, 'Mirko Marić', 'Forward'),
(957, 'Davide Diaw', 'Forward'),
(958, 'Kevin Martins', 'Forward'),
(959, 'Andrea Carboni', 'Defender'),
(960, 'Mattia Valoti', 'Midfielder');
SET IDENTITY_INSERT Players OFF;

INSERT INTO PlayersTeams (PlayerId, TeamId) VALUES
(937, 40),
(938, 40),
(939, 40),
(940, 40),
(941, 40),
(942, 40),
(943, 40),
(944, 40),
(945, 40),
(946, 40),
(947, 40),
(948, 40),
(949, 40),
(950, 40),
(951, 40),
(952, 40),
(953, 40),
(954, 40),
(955, 40),
(956, 40),
(957, 40),
(958, 40),
(959, 40),
(960, 40);

SET IDENTITY_INSERT Players ON;
INSERT INTO Players (Id, [Name], Position) VALUES
(961, 'Mohamed Salah', 'Forward'),
(962, 'Federico Chiesa', 'Forward'),
(963, 'Luis Díaz', 'Forward'),
(964, 'Virgil van Dijk', 'Defender'),
(965, 'Trent Alexander-Arnold', 'Defender'),
(966, 'Darwin Núñez', 'Forward'),
(967, 'Dominik Szoboszlai', 'Midfielder'),
(968, 'Cody Gakpo', 'Forward'),
(969, 'Ibrahima Konaté', 'Defender'),
(970, 'Alisson Becker', 'Goalkeeper'),
(971, 'Diogo Jota', 'Forward'),
(972, 'Ryan Gravenberch', 'Midfielder'),
(973, 'Caoimhín Kelleher', 'Goalkeeper'),
(974, 'Alexis Mac Allister', 'Midfielder'),
(975, 'Wataru Endō', 'Midfielder'),
(976, 'Curtis Jones', 'Midfielder'),
(977, 'Conor Bradley', 'Defender'),
(978, 'Andrew Robertson', 'Defender'),
(979, 'Harvey Elliott', 'Midfielder'),
(980, 'Vítězslav Jaroš', 'Goalkeeper'),
(981, 'Trey Nyoni', 'Forward'),
(982, 'Joe Gomez', 'Defender'),
(983, 'Konstantinos Tsimikas', 'Defender'),
(984, 'Tyler Morton', 'Midfielder');
SET IDENTITY_INSERT Players OFF;

INSERT INTO PlayersTeams (PlayerId, TeamId) VALUES
(961, 41),
(962, 41),
(963, 41),
(964, 41),
(965, 41),
(966, 41),
(967, 41),
(968, 41),
(969, 41),
(970, 41),
(971, 41),
(972, 41),
(973, 41),
(974, 41),
(975, 41),
(976, 41),
(977, 41),
(978, 41),
(979, 41),
(980, 41),
(981, 41),
(982, 41),
(983, 41),
(984, 41);

SET IDENTITY_INSERT Players ON;
INSERT INTO Players (Id, [Name], Position) VALUES
(985, 'Bukayo Saka', 'Forward'),
(986, 'Martin Ødegaard', 'Midfielder'),
(987, 'Riccardo Calafiori', 'Defender'),
(988, 'Kai Havertz', 'Forward'),
(989, 'Mikel Merino', 'Midfielder'),
(990, 'Ethan Nwaneri', 'Midfielder'),
(991, 'William Saliba', 'Defender'),
(992, 'Gabriel Jesus', 'Forward'),
(993, 'Declan Rice', 'Midfielder'),
(994, 'Gabriel Martinelli', 'Forward'),
(995, 'Raheem Sterling', 'Forward'),
(996, 'Gabriel Magalhães', 'Defender'),
(997, 'David Raya', 'Goalkeeper'),
(998, 'Leandro Trossard', 'Forward'),
(999, 'Jurrien Timber', 'Defender'),
(1000, 'Ben White', 'Defender'),
(1001, 'Myles Lewis-Skelly', 'Midfielder'),
(1002, 'Takehiro Tomiyasu', 'Defender'),
(1003, 'Kieran Tierney', 'Defender'),
(1004, 'Neto', 'Goalkeeper'),
(1005, 'Jorginho', 'Midfielder'),
(1006, 'Jakub Kiwior', 'Defender'),
(1007, 'Oleksandr Zinchenko', 'Defender'),
(1008, 'Tommy Setford', 'Goalkeeper');
SET IDENTITY_INSERT Players OFF;

INSERT INTO PlayersTeams (PlayerId, TeamId) VALUES
(985, 42),
(986, 42),
(987, 42),
(988, 42),
(989, 42),
(990, 42),
(991, 42),
(992, 42),
(993, 42),
(994, 42),
(995, 42),
(996, 42),
(997, 42),
(998, 42),
(999, 42),
(1000, 42),
(1001, 42),
(1002, 42),
(1003, 42),
(1004, 42),
(1005, 42),
(1006, 42),
(1007, 42),
(1008, 42);

SET IDENTITY_INSERT Players ON;
INSERT INTO Players (Id, [Name], Position) VALUES
(1009, 'Chris Wood', 'Forward'),
(1010, 'Anthony Elanga', 'Forward'),
(1011, 'Jota Silva', 'Forward'),
(1012, 'Murillo', 'Defender'),
(1013, 'Ramón Sosa', 'Forward'),
(1014, 'Carlos Miguel', 'Goalkeeper'),
(1015, 'Ola Aina', 'Defender'),
(1016, 'Nikola Milenković', 'Defender'),
(1017, 'Elliot Anderson', 'Midfielder'),
(1018, 'Morgan Gibbs-White', 'Midfielder'),
(1019, 'Taiwo Awoniyi', 'Forward'),
(1020, 'Matz Sels', 'Goalkeeper'),
(1021, 'Neco Williams', 'Defender'),
(1022, 'Danilo', 'Midfielder'),
(1023, 'James Ward-Prowse', 'Midfielder'),
(1024, 'Morato', 'Defender'),
(1025, 'Álex Moreno', 'Defender'),
(1026, 'Ryan Yates', 'Midfielder'),
(1027, 'Ibrahim Sangaré', 'Midfielder'),
(1028, 'Eric da Silva Moreira', 'Midfielder'),
(1029, 'Nicolás Domínguez', 'Midfielder'),
(1030, 'Callum Hudson-Odoi', 'Forward'),
(1031, 'Willy Boly', 'Defender'),
(1032, 'Emmanuel Dennis', 'Forward');
SET IDENTITY_INSERT Players OFF;

INSERT INTO PlayersTeams (PlayerId, TeamId) VALUES
(1009, 43),
(1010, 43),
(1011, 43),
(1012, 43),
(1013, 43),
(1014, 43),
(1015, 43),
(1016, 43),
(1017, 43),
(1018, 43),
(1019, 43),
(1020, 43),
(1021, 43),
(1022, 43),
(1023, 43),
(1024, 43),
(1025, 43),
(1026, 43),
(1027, 43),
(1028, 43),
(1029, 43),
(1030, 43),
(1031, 43),
(1032, 43);

SET IDENTITY_INSERT Players ON;
INSERT INTO Players (Id, [Name], Position) VALUES
(1033, 'Cole Palmer', 'Midfielder'),
(1034, 'Jadon Sancho', 'Forward'),
(1035, 'João Félix', 'Forward'),
(1036, 'Mykhailo Mudryk', 'Midfielder'),
(1037, 'Nicolas Jackson', 'Forward'),
(1038, 'Enzo Fernández', 'Midfielder'),
(1039, 'Pedro Neto', 'Forward'),
(1040, 'Marc Guiu', 'Forward'),
(1041, 'Christopher Nkunku', 'Forward'),
(1042, 'Moisés Caicedo', 'Midfielder'),
(1043, 'Marc Cucurella', 'Defender'),
(1044, 'Renato Veiga', 'Midfielder'),
(1045, 'Reece James', 'Defender'),
(1046, 'Roméo Lavia', 'Midfielder'),
(1047, 'Josh Achaempong', 'Defender'),
(1048, 'Tosin Adarabioyo', 'Defender'),
(1049, 'Filip Jörgensen', 'Goalkeeper'),
(1050, 'Noni Madueke', 'Forward'),
(1051, 'Tyrick George', 'Defender'),
(1052, 'Robert Sánchez', 'Goalkeeper'),
(1053, 'Malo Gusto', 'Defender'),
(1054, 'Ben Chilwell', 'Defender'),
(1055, 'Cesare Casadei', 'Midfielder'),
(1056, 'Shim Mheuka', 'Forward');
SET IDENTITY_INSERT Players OFF;

INSERT INTO PlayersTeams (PlayerId, TeamId) VALUES
(1033, 44),
(1034, 44),
(1035, 44),
(1036, 44),
(1037, 44),
(1038, 44),
(1039, 44),
(1040, 44),
(1041, 44),
(1042, 44),
(1043, 44),
(1044, 44),
(1045, 44),
(1046, 44),
(1047, 44),
(1048, 44),
(1049, 44),
(1050, 44),
(1051, 44),
(1052, 44),
(1053, 44),
(1054, 44),
(1055, 44),
(1056, 44);

SET IDENTITY_INSERT Players ON;
INSERT INTO Players (Id, [Name], Position) VALUES
(1057, 'Alexander Isak', 'Forward'),
(1058, 'Sandro Tonali', 'Midfielder'),
(1059, 'Anthony Gordon', 'Forward'),
(1060, 'Bruno Guimarães', 'Midfielder'),
(1061, 'Miguel Almirón', 'Midfielder'),
(1062, 'Joelinton', 'Forward'),
(1063, 'Kieran Trippier', 'Defender'),
(1064, 'William Osula', 'Forward'),
(1065, 'Lewis Hall', 'Midfielder'),
(1066, 'Callum Wilson', 'Forward'),
(1067, 'Sven Botman', 'Defender'),
(1068, 'Tino Livramento', 'Defender'),
(1069, 'Fabian Schär', 'Defender'),
(1070, 'Nick Pope', 'Goalkeeper'),
(1071, 'Lewis Miley', 'Midfielder'),
(1072, 'Harvey Barnes', 'Midfielder'),
(1073, 'Odysseas Vlachodimos', 'Goalkeeper'),
(1074, 'Jacob Murphy', 'Midfielder'),
(1075, 'Martin Dúbravka', 'Goalkeeper'),
(1076, 'Dan Burn', 'Defender'),
(1077, 'Sean Longstaff', 'Midfielder'),
(1078, 'Joe Willock', 'Midfielder'),
(1079, 'Lloyd Kelly', 'Defender'),
(1080, 'Garang Kuol', 'Forward');
SET IDENTITY_INSERT Players OFF;

INSERT INTO PlayersTeams (PlayerId, TeamId) VALUES
(1057, 45),
(1058, 45),
(1059, 45),
(1060, 45),
(1061, 45),
(1062, 45),
(1063, 45),
(1064, 45),
(1065, 45),
(1066, 45),
(1067, 45),
(1068, 45),
(1069, 45),
(1070, 45),
(1071, 45),
(1072, 45),
(1073, 45),
(1074, 45),
(1075, 45),
(1076, 45),
(1077, 45),
(1078, 45),
(1079, 45),
(1080, 45);

SET IDENTITY_INSERT Players ON;
INSERT INTO Players (Id, [Name], Position) VALUES
(1081, 'Erling Haaland', 'Forward'),
(1082, 'Rodri', 'Midfielder'),
(1083, 'Kevin De Bruyne', 'Midfielder'),
(1084, 'Savinho', 'Forward'),
(1085, 'Phil Foden', 'Midfielder'),
(1086, 'Kyle Walker', 'Defender'),
(1087, 'Jérémy Doku', 'Forward'),
(1088, 'Jack Grealish', 'Midfielder'),
(1089, 'İlkay Gündoğan', 'Midfielder'),
(1090, 'James McAtee', 'Midfielder'),
(1091, 'Matheus Nunes', 'Midfielder'),
(1092, 'Ederson', 'Goalkeeper'),
(1093, 'Joško Gvardiol', 'Defender'),
(1094, 'Rico Lewis', 'Defender'),
(1095, 'Nathan Aké', 'Defender'),
(1096, 'Bernardo Silva', 'Midfielder'),
(1097, 'Oscar Bobb', 'Midfielder'),
(1098, 'John Stones', 'Defender'),
(1099, 'Rúben Dias', 'Defender'),
(1100, 'Mateo Kovačić', 'Midfielder'),
(1101, 'Stefan Ortega', 'Goalkeeper'),
(1102, 'Scott Carson', 'Goalkeeper'),
(1103, 'Manuel Akanji', 'Defender'),
(1104, 'Jahmai Simpson-Pusey', 'Defender');
SET IDENTITY_INSERT Players OFF;

INSERT INTO PlayersTeams (PlayerId, TeamId) VALUES
(1081, 46),
(1082, 46),
(1083, 46),
(1084, 46),
(1085, 46),
(1086, 46),
(1087, 46),
(1088, 46),
(1089, 46),
(1090, 46),
(1091, 46),
(1092, 46),
(1093, 46),
(1094, 46),
(1095, 46),
(1096, 46),
(1097, 46),
(1098, 46),
(1099, 46),
(1100, 46),
(1101, 46),
(1102, 46),
(1103, 46),
(1104, 46);

SET IDENTITY_INSERT Players ON;
INSERT INTO Players (Id, [Name], Position) VALUES
(1105, 'Kepa Arrizabalaga', 'Goalkeeper'),
(1106, 'Enes Ünal', 'Forward'),
(1107, 'Julián Araujo', 'Defender'),
(1108, 'Evanilson', 'Forward'),
(1109, 'Dean Huijsen', 'Defender'),
(1110, 'Justin Kluivert', 'Forward'),
(1111, 'Antoine Semenyo', 'Forward'),
(1112, 'Milos Kerkez', 'Defender'),
(1113, 'Philip Billing', 'Midfielder'),
(1114, 'Tyler Adams', 'Midfielder'),
(1115, 'Illia Zabarnyi', 'Defender'),
(1116, 'Luis Sinisterra', 'Forward'),
(1117, 'Dango Ouattara', 'Forward'),
(1118, 'Julio Soler', 'Midfielder'),
(1119, 'Marcus Tavernier', 'Midfielder'),
(1120, 'David Brooks', 'Midfielder'),
(1121, 'Marcos Senesi', 'Defender'),
(1122, 'Max Aarons', 'Defender'),
(1123, 'James Hill', 'Defender'),
(1124, 'Alex Scott', 'Midfielder'),
(1125, 'Ryan Christie', 'Midfielder'),
(1126, 'Lewis Cook', 'Midfielder'),
(1127, 'Adam Smith', 'Defender'),
(1128, 'Will Dennis', 'Goalkeeper');
SET IDENTITY_INSERT Players OFF;

INSERT INTO PlayersTeams (PlayerId, TeamId) VALUES
(1105, 47),
(1106, 47),
(1107, 47),
(1108, 47),
(1109, 47),
(1110, 47),
(1111, 47),
(1112, 47),
(1113, 47),
(1114, 47),
(1115, 47),
(1116, 47),
(1117, 47),
(1118, 47),
(1119, 47),
(1120, 47),
(1121, 47),
(1122, 47),
(1123, 47),
(1124, 47),
(1125, 47),
(1126, 47),
(1127, 47),
(1128, 47);

SET IDENTITY_INSERT Players ON;
INSERT INTO Players (Id, [Name], Position) VALUES
(1129, 'Jhon Durán', 'Forward'),
(1130, 'Emiliano Martínez', 'Goalkeeper'),
(1131, 'Ollie Watkins', 'Forward'),
(1132, 'Morgan Rogers', 'Forward'),
(1133, 'Amadou Onana', 'Midfielder'),
(1134, 'John McGinn', 'Midfielder'),
(1135, 'Tyrone Mings', 'Defender'),
(1136, 'Ian Maatsen', 'Defender'),
(1137, 'Ross Barkley', 'Midfielder'),
(1138, 'Leon Bailey', 'Midfielder'),
(1139, 'Lucas Digne', 'Defender'),
(1140, 'Jaden Philogene', 'Forward'),
(1141, 'Youri Tielemans', 'Midfielder'),
(1142, 'Pau Torres', 'Defender'),
(1143, 'Matty Cash', 'Defender'),
(1144, 'Diego Carlos', 'Defender'),
(1145, 'Boubacar Kamara', 'Midfielder'),
(1146, 'Ezri Konsa', 'Defender'),
(1147, 'Jacob Ramsey', 'Midfielder'),
(1148, 'Emi Buendía', 'Midfielder'),
(1149, 'Kosta Nedeljković', 'Defender'),
(1150, 'Robin Olsen', 'Goalkeeper'),
(1151, 'Lamare Bogarde', 'Defender'),
(1152, 'Ben Broggio', 'Defender');
SET IDENTITY_INSERT Players OFF;

INSERT INTO PlayersTeams (PlayerId, TeamId) VALUES
(1129, 48),
(1130, 48),
(1131, 48),
(1132, 48),
(1133, 48),
(1134, 48),
(1135, 48),
(1136, 48),
(1137, 48),
(1138, 48),
(1139, 48),
(1140, 48),
(1141, 48),
(1142, 48),
(1143, 48),
(1144, 48),
(1145, 48),
(1146, 48),
(1147, 48),
(1148, 48),
(1149, 48),
(1150, 48),
(1151, 48),
(1152, 48);

SET IDENTITY_INSERT Players ON;
INSERT INTO Players (Id, [Name], Position) VALUES
(1153, 'Raúl Jiménez', 'Forward'),
(1154, 'Adama Traoré', 'Midfielder'),
(1155, 'Andreas Pereira', 'Midfielder'),
(1156, 'Emile Smith Rowe', 'Midfielder'),
(1157, 'Antonee Robinson', 'Defender'),
(1158, 'Alex Iwobi', 'Forward'),
(1159, 'Rodrigo Muniz', 'Forward'),
(1160, 'Harry Wilson', 'Midfielder'),
(1161, 'Reiss Nelson', 'Midfielder'),
(1162, 'Carlos Vinícius', 'Forward'),
(1163, 'Bernd Leno', 'Goalkeeper'),
(1164, 'Sander Berge', 'Midfielder'),
(1165, 'Calvin Bassey', 'Defender'),
(1166, 'Ryan Sessegnon', 'Midfielder'),
(1167, 'Joachim Andersen', 'Defender'),
(1168, 'Tom Cairney', 'Midfielder'),
(1169, 'Issa Diop', 'Defender'),
(1170, 'Jorge Cuenca', 'Defender'),
(1171, 'Martial Godo', 'Forward'),
(1172, 'Kenny Tete', 'Defender'),
(1173, 'Joshua King', 'Forward'),
(1174, 'Saša Lukić', 'Midfielder'),
(1175, 'Timothy Castagne', 'Defender'),
(1176, 'Harrison Reed', 'Midfielder');
SET IDENTITY_INSERT Players OFF;

INSERT INTO PlayersTeams (PlayerId, TeamId) VALUES
(1153, 49),
(1154, 49),
(1155, 49),
(1156, 49),
(1157, 49),
(1158, 49),
(1159, 49),
(1160, 49),
(1161, 49),
(1162, 49),
(1163, 49),
(1164, 49),
(1165, 49),
(1166, 49),
(1167, 49),
(1168, 49),
(1169, 49),
(1170, 49),
(1171, 49),
(1172, 49),
(1173, 49),
(1174, 49),
(1175, 49),
(1176, 49);

SET IDENTITY_INSERT Players ON;
INSERT INTO Players (Id, [Name], Position) VALUES
(1177, 'Ferdi Kadıoğlu', 'Midfielder'),
(1178, 'Kaoru Mitoma', 'Midfielder'),
(1179, 'João Pedro', 'Forward'),
(1180, 'Julio Enciso', 'Midfielder'),
(1181, 'Danny Welbeck', 'Forward'),
(1182, 'Carlos Noom Quomah Baleba', 'Midfielder'),
(1183, 'Evan Ferguson', 'Forward'),
(1184, 'Georginio Rutter', 'Forward'),
(1185, 'James Milner', 'Midfielder'),
(1186, 'Yankuba Minteh', 'Forward'),
(1187, 'Bart Verbruggen', 'Goalkeeper'),
(1188, 'Simon Adingra', 'Forward'),
(1189, 'Yasin Ayari', 'Midfielder'),
(1190, 'Solly March', 'Midfielder'),
(1191, 'Pervis Estupiñán', 'Defender'),
(1192, 'Mats Wieffer', 'Defender'),
(1193, 'Jan Paul van Hecke', 'Defender'),
(1194, 'Brajan Gruda', 'Defender'),
(1195, 'Lewis Dunk', 'Defender'),
(1196, 'Igor Julio', 'Defender'),
(1197, 'Tariq Lamptey', 'Defender'),
(1198, 'Jack Hinshelwood', 'Defender'),
(1199, 'Joël Veltman', 'Defender'),
(1200, 'Jakub Moder', 'Midfielder');
SET IDENTITY_INSERT Players OFF;

INSERT INTO PlayersTeams (PlayerId, TeamId) VALUES
(1177, 50),
(1178, 50),
(1179, 50),
(1180, 50),
(1181, 50),
(1182, 50),
(1183, 50),
(1184, 50),
(1185, 50),
(1186, 50),
(1187, 50),
(1188, 50),
(1189, 50),
(1190, 50),
(1191, 50),
(1192, 50),
(1193, 50),
(1194, 50),
(1195, 50),
(1196, 50),
(1197, 50),
(1198, 50),
(1199, 50),
(1200, 50);

SET IDENTITY_INSERT Players ON;
INSERT INTO Players (Id, [Name], Position) VALUES
(1201, 'Bryan Mbeumo', 'Midfielder'),
(1202, 'Yoane Wissa', 'Forward'),
(1203, 'Gustavo Nunes', 'Midfielder'),
(1204, 'Kevin Schade', 'Forward'),
(1205, 'Fábio Carvalho', 'Midfielder'),
(1206, 'Igor Thiago', 'Forward'),
(1207, 'Yunus Emre Konak', 'Midfielder'),
(1208, 'Mikkel Damsgaard', 'Midfielder'),
(1209, 'Mark Flekken', 'Goalkeeper'),
(1210, 'Sepp van den Berg', 'Defender'),
(1211, 'Kim Ji-soo', 'Defender'),
(1212, 'Christian Nørgaard', 'Midfielder'),
(1213, 'Hákon Valdimarsson', 'Goalkeeper'),
(1214, 'Yehor Yarmolyuk', 'Midfielder'),
(1215, 'Kristoffer Ajer', 'Defender'),
(1216, 'Vitaly Janelt', 'Midfielder'),
(1217, 'Rico Henry', 'Defender'),
(1218, 'Nathan Collins', 'Defender'),
(1219, 'Ethan Pinnock', 'Defender'),
(1220, 'Ben Mee', 'Defender'),
(1221, 'Paris Maghoma', 'Midfielder'),
(1222, 'Aaron Hickey', 'Defender'),
(1223, 'Mathias Jensen', 'Midfielder'),
(1224, 'Mads Roerslev', 'Defender');
SET IDENTITY_INSERT Players OFF;

INSERT INTO PlayersTeams (PlayerId, TeamId) VALUES
(1201, 51),
(1202, 51),
(1203, 51),
(1204, 51),
(1205, 51),
(1206, 51),
(1207, 51),
(1208, 51),
(1209, 51),
(1210, 51),
(1211, 51),
(1212, 51),
(1213, 51),
(1214, 51),
(1215, 51),
(1216, 51),
(1217, 51),
(1218, 51),
(1219, 51),
(1220, 51),
(1221, 51),
(1222, 51),
(1223, 51),
(1224, 51);

SET IDENTITY_INSERT Players ON;
INSERT INTO Players (Id, [Name], Position) VALUES
(1225, 'Son Heung-min', 'Forward'),
(1226, 'Dominic Solanke', 'Forward'),
(1227, 'Lucas Bergvall', 'Midfielder'),
(1228, 'Archie Gray', 'Midfielder'),
(1229, 'Richarlison', 'Forward'),
(1230, 'Brennan Johnson', 'Forward'),
(1231, 'Micky van de Ven', 'Defender'),
(1232, 'Timo Werner', 'Forward'),
(1233, 'Rodrigo Bentancur', 'Midfielder'),
(1234, 'James Maddison', 'Midfielder'),
(1235, 'Dejan Kulusevski', 'Midfielder'),
(1236, 'Fraser Forster', 'Goalkeeper'),
(1237, 'Mikey Moore', 'Forward'),
(1238, 'Radu Dragushin', 'Defender'),
(1239, 'Will Lankshear', 'Forward'),
(1240, 'Cristian Romero', 'Defender'),
(1241, 'Guglielmo Vicario', 'Goalkeeper'),
(1242, 'Pedro Porro', 'Defender'),
(1243, 'Wilson Odobert', 'Forward'),
(1244, 'Djed Spence', 'Defender'),
(1245, 'Sergio Reguilón', 'Defender'),
(1246, 'Destiny Udogie', 'Defender'),
(1247, 'Yves Bissouma', 'Midfielder'),
(1248, 'Pape Matar Sarr', 'Midfielder');
SET IDENTITY_INSERT Players OFF;

INSERT INTO PlayersTeams (PlayerId, TeamId) VALUES
(1225, 52),
(1226, 52),
(1227, 52),
(1228, 52),
(1229, 52),
(1230, 52),
(1231, 52),
(1232, 52),
(1233, 52),
(1234, 52),
(1235, 52),
(1236, 52),
(1237, 52),
(1238, 52),
(1239, 52),
(1240, 52),
(1241, 52),
(1242, 52),
(1243, 52),
(1244, 52),
(1245, 52),
(1246, 52),
(1247, 52),
(1248, 52);

SET IDENTITY_INSERT Players ON;
INSERT INTO Players (Id, [Name], Position) VALUES
(1249, 'Marcus Rashford', 'Forward'),
(1250, 'Amad Diallo', 'Forward'),
(1251, 'Alejandro Garnacho', 'Forward'),
(1252, 'Antony', 'Forward'),
(1253, 'Leny Yoro', 'Defender'),
(1254, 'Manuel Ugarte', 'Midfielder'),
(1255, 'Joshua Zirkzee', 'Forward'),
(1256, 'Kobbie Mainoo', 'Midfielder'),
(1257, 'Rasmus Højlund', 'Forward'),
(1258, 'Bruno Fernandes', 'Midfielder'),
(1259, 'André Onana', 'Goalkeeper'),
(1260, 'Noussair Mazraoui', 'Defender'),
(1261, 'Matthijs de Ligt', 'Defender'),
(1262, 'Mason Mount', 'Midfielder'),
(1263, 'Casemiro', 'Midfielder'),
(1264, 'Lisandro Martínez', 'Defender'),
(1265, 'Luke Shaw', 'Defender'),
(1266, 'Tyrell Malacia', 'Defender'),
(1267, 'Altay Bayındır', 'Goalkeeper'),
(1268, 'Harry Maguire', 'Defender'),
(1269, 'Diogo Dalot', 'Defender'),
(1270, 'Jonny Evans', 'Defender'),
(1271, 'Christian Eriksen', 'Midfielder'),
(1272, 'Harry Amass', 'Midfielder');
SET IDENTITY_INSERT Players OFF;

INSERT INTO PlayersTeams (PlayerId, TeamId) VALUES
(1249, 53),
(1250, 53),
(1251, 53),
(1252, 53),
(1253, 53),
(1254, 53),
(1255, 53),
(1256, 53),
(1257, 53),
(1258, 53),
(1259, 53),
(1260, 53),
(1261, 53),
(1262, 53),
(1263, 53),
(1264, 53),
(1265, 53),
(1266, 53),
(1267, 53),
(1268, 53),
(1269, 53),
(1270, 53),
(1271, 53),
(1272, 53);

SET IDENTITY_INSERT Players ON;
INSERT INTO Players (Id, [Name], Position) VALUES
(1273, 'Niclas Füllkrug', 'Forward'),
(1274, 'Michail Antonio', 'Forward'),
(1275, 'Mohammed Kudus', 'Midfielder'),
(1276, 'Lucas Paquetá', 'Midfielder'),
(1277, 'Edson Álvarez', 'Midfielder'),
(1278, 'Jarrod Bowen', 'Forward'),
(1279, 'Crysencio Summerville', 'Forward'),
(1280, 'Łukasz Fabiański', 'Goalkeeper'),
(1281, 'Carlos Soler', 'Midfielder'),
(1282, 'Alphonse Areola', 'Goalkeeper'),
(1283, 'Guido Rodríguez', 'Midfielder'),
(1284, 'Luis Guilherme', 'Forward'),
(1285, 'Aaron Wan-Bissaka', 'Defender'),
(1286, 'Tomáš Souček', 'Midfielder'),
(1287, 'Danny Ings', 'Forward'),
(1288, 'Oliver Scarles', 'Defender'),
(1289, 'Maximilian Kilman', 'Defender'),
(1290, 'Konstantinos Mavropanos', 'Defender'),
(1291, 'Andy Irving', 'Midfielder'),
(1292, 'Emerson Palmieri', 'Defender'),
(1293, 'Jean-Clair Todibo', 'Defender'),
(1294, 'Wes Foderingham', 'Goalkeeper'),
(1295, 'Vladimír Coufal', 'Defender'),
(1296, 'Aaron Cresswell', 'Defender');
SET IDENTITY_INSERT Players OFF;

INSERT INTO PlayersTeams (PlayerId, TeamId) VALUES
(1273, 54),
(1274, 54),
(1275, 54),
(1276, 54),
(1277, 54),
(1278, 54),
(1279, 54),
(1280, 54),
(1281, 54),
(1282, 54),
(1283, 54),
(1284, 54),
(1285, 54),
(1286, 54),
(1287, 54),
(1288, 54),
(1289, 54),
(1290, 54),
(1291, 54),
(1292, 54),
(1293, 54),
(1294, 54),
(1295, 54),
(1296, 54);

SET IDENTITY_INSERT Players ON;
INSERT INTO Players (Id, [Name], Position) VALUES
(1297, 'Eberechi Eze', 'Midfielder'),
(1298, 'Daniel Muñoz', 'Defender'),
(1299, 'Marc Guéhi', 'Defender'),
(1300, 'Daichi Kamada', 'Midfielder'),
(1301, 'Matthew Turner', 'Goalkeeper'),
(1302, 'Eddie Nketiah', 'Forward'),
(1303, 'Ismaïla Sarr', 'Forward'),
(1304, 'Trevoh Chalobah', 'Defender'),
(1305, 'Jean-Philippe Mateta', 'Forward'),
(1306, 'Maxence Lacroix', 'Defender'),
(1307, 'Dean Henderson', 'Goalkeeper'),
(1308, 'Will Hughes', 'Midfielder'),
(1309, 'Adam Wharton', 'Midfielder'),
(1310, 'Justin Devenny', 'Midfielder'),
(1311, 'Jefferson Lerma', 'Midfielder'),
(1312, 'Chris Richards', 'Defender'),
(1313, 'Chadi Riad', 'Defender'),
(1314, 'Rob Holding', 'Defender'),
(1315, 'Matheus França', 'Midfielder'),
(1316, 'Caleb Kporha', 'Defender'),
(1317, 'Joel Ward', 'Defender'),
(1318, 'Tyrick Mitchell', 'Defender'),
(1319, 'Cheick Doucouré', 'Midfielder'),
(1320, 'Jeffrey Schlupp', 'Midfielder');
SET IDENTITY_INSERT Players OFF;

INSERT INTO PlayersTeams (PlayerId, TeamId) VALUES
(1297, 55),
(1298, 55),
(1299, 55),
(1300, 55),
(1301, 55),
(1302, 55),
(1303, 55),
(1304, 55),
(1305, 55),
(1306, 55),
(1307, 55),
(1308, 55),
(1309, 55),
(1310, 55),
(1311, 55),
(1312, 55),
(1313, 55),
(1314, 55),
(1315, 55),
(1316, 55),
(1317, 55),
(1318, 55),
(1319, 55),
(1320, 55);

SET IDENTITY_INSERT Players ON;
INSERT INTO Players (Id, [Name], Position) VALUES
(1321, 'Iliman Ndiaye', 'Forward'),
(1322, 'Ashley Young', 'Defender'),
(1323, 'Armando Broja', 'Forward'),
(1324, 'Jordan Pickford', 'Goalkeeper'),
(1325, 'Beto', 'Forward'),
(1326, 'Jarrad Branthwaite', 'Defender'),
(1327, 'Jesper Lindstrøm', 'Midfielder'),
(1328, 'Michael Keane', 'Defender'),
(1329, 'Séamus Coleman', 'Defender'),
(1330, 'Orel Mangala', 'Midfielder'),
(1331, 'James Tarkowski', 'Defender'),
(1332, 'Harrison Armstrong', 'Midfielder'),
(1333, 'Dwight McNeil', 'Forward'),
(1334, 'Jack Harrison', 'Forward'),
(1335, 'Abdoulaye Doucouré', 'Midfielder'),
(1336, 'Tim Iroegbunam', 'Midfielder'),
(1337, 'Nathan Patterson', 'Defender'),
(1338, 'Vitalii Mykolenko', 'Defender'),
(1339, 'Youssef Chermiti', 'Forward'),
(1340, 'Idrissa Gueye', 'Midfielder'),
(1341, 'James Garner', 'Midfielder'),
(1342, 'Jake O’Brien', 'Defender'),
(1343, 'Dominic Calvert-Lewin', 'Forward'),
(1344, 'Roman Dixon', 'Goalkeeper');
SET IDENTITY_INSERT Players OFF;

INSERT INTO PlayersTeams (PlayerId, TeamId)VALUES
(1321, 56), (1322, 56), (1323, 56), (1324, 56),
(1325, 56), (1326, 56), (1327, 56), (1328, 56),
(1329, 56), (1330, 56), (1331, 56), (1332, 56),
(1333, 56), (1334, 56), (1335, 56), (1336, 56),
(1337, 56), (1338, 56), (1339, 56), (1340, 56),
(1341, 56), (1342, 56), (1343, 56), (1344, 56);

SET IDENTITY_INSERT Players ON;
INSERT INTO Players (Id, [Name], Position) VALUES
(1345, 'Matheus Cunha', 'Forward'),
(1346, 'Jørgen Strand Larsen', 'Forward'),
(1347, 'João Gomes', 'Midfielder'),
(1348, 'Hwang Hee-chan', 'Forward'),
(1349, 'André', 'Midfielder'),
(1350, 'Mario Lemina', 'Midfielder'),
(1351, 'Rodrigo Gomes', 'Forward'),
(1352, 'José Sá', 'Goalkeeper'),
(1353, 'Gonçalo Guedes', 'Forward'),
(1354, 'Rayan Aït-Nouri', 'Defender'),
(1355, 'Carlos Forbs', 'Forward'),
(1356, 'Yerson Mosquera', 'Defender'),
(1357, 'Pablo Sarabia', 'Midfielder'),
(1358, 'Sam Johnstone', 'Goalkeeper'),
(1359, 'Nélson Semedo', 'Defender'),
(1360, 'Craig Dawson', 'Defender'),
(1361, 'Pedro Henrique Cardoso de Melo', 'Defender'),
(1362, 'Matt Doherty', 'Defender'),
(1363, 'Tommy Doyle', 'Midfielder'),
(1364, 'Saša Kalajdžić', 'Forward'),
(1365, 'Santiago Bueno', 'Defender'),
(1366, 'Bastien Meupiyou', 'Defender'),
(1367, 'Toti Gomes', 'Defender'),
(1368, 'Enso González', 'Forward');
SET IDENTITY_INSERT Players OFF;

INSERT INTO PlayersTeams (PlayerId, TeamId) VALUES
(1345, 57), (1346, 57), (1347, 57), (1348, 57),
(1349, 57), (1350, 57), (1351, 57), (1352, 57),
(1353, 57), (1354, 57), (1355, 57), (1356, 57),
(1357, 57), (1358, 57), (1359, 57), (1360, 57),
(1361, 57), (1362, 57), (1363, 57), (1364, 57),
(1365, 57), (1366, 57), (1367, 57), (1368, 57);

SET IDENTITY_INSERT Players ON;
INSERT INTO Players (Id, [Name], Position) VALUES
(1369, 'Liam Delap', 'Forward'),
(1370, 'Omari Hutchinson', 'Forward'),
(1371, 'Kalvin Phillips', 'Midfielder'),
(1372, 'Sam Morsy', 'Midfielder'),
(1373, 'Sammie Szmodics', 'Midfielder'),
(1374, 'Ali Al-Hamadi', 'Forward'),
(1375, 'Jack Clarke', 'Forward'),
(1376, 'Arijanet Muric', 'Goalkeeper'),
(1377, 'Leif Davis', 'Defender'),
(1378, 'Axel Tuanzebe', 'Defender'),
(1379, 'Massimo Luongo', 'Midfielder'),
(1380, 'Harry Clarke', 'Defender'),
(1381, 'Cameron Burgess', 'Defender'),
(1382, 'Jacob Greaves', 'Defender'),
(1383, 'Jens Cajuste', 'Midfielder'),
(1384, 'Christian Walton', 'Goalkeeper'),
(1385, 'Conor Chaplin', 'Forward'),
(1386, 'George Hirst', 'Forward'),
(1387, 'Wes Burns', 'Forward'),
(1388, 'Chiedozie Ogbene', 'Forward'),
(1389, 'Nathan Broadhead', 'Forward'),
(1390, 'Jack Taylor', 'Midfielder'),
(1391, 'Luke Woolfenden', 'Defender'),
(1392, 'Conor Townsend', 'Defender');
SET IDENTITY_INSERT Players OFF;

INSERT INTO PlayersTeams (PlayerId, TeamId) VALUES
(1369, 58), (1370, 58), (1371, 58), (1372, 58),
(1373, 58), (1374, 58), (1375, 58), (1376, 58),
(1377, 58), (1378, 58), (1379, 58), (1380, 58),
(1381, 58), (1382, 58), (1383, 58), (1384, 58),
(1385, 58), (1386, 58), (1387, 58), (1388, 58),
(1389, 58), (1390, 58), (1391, 58), (1392, 58);

SET IDENTITY_INSERT Players ON;
INSERT INTO Players (Id, [Name], Position) VALUES
(1393, 'Jamie Vardy', 'Forward'),
(1394, 'Hamza Choudhury', 'Midfielder'),
(1395, 'Facundo Buonanotte', 'Midfielder'),
(1396, 'Abdul Fatawu', 'Forward'),
(1397, 'Bilal El Khannous', 'Midfielder'),
(1398, 'Jordan Ayew', 'Forward'),
(1399, 'Wout Faes', 'Defender'),
(1400, 'Patson Daka', 'Forward'),
(1401, 'Mads Hermansen', 'Goalkeeper'),
(1402, 'Stephy Mavididi', 'Forward'),
(1403, 'Wilfred Ndidi', 'Midfielder'),
(1404, 'Odsonne Édouard', 'Forward'),
(1405, 'Harry Winks', 'Midfielder'),
(1406, 'Oliver Skipp', 'Midfielder'),
(1407, 'Danny Ward', 'Goalkeeper'),
(1408, 'Caleb Okoli', 'Defender'),
(1409, 'Jakub Stolarczyk', 'Goalkeeper'),
(1410, 'Conor Coady', 'Defender'),
(1411, 'Kasey McAteer', 'Midfielder'),
(1412, 'Jannik Vestergaard', 'Defender'),
(1413, 'James Justin', 'Defender'),
(1414, 'Victor Kristiansen', 'Defender'),
(1415, 'Ricardo Domingos Barbosa Pereira', 'Defender'),
(1416, 'Boubakary Soumaré', 'Midfielder');
SET IDENTITY_INSERT Players OFF;

INSERT INTO PlayersTeams (PlayerId, TeamId) VALUES
(1393, 59), (1394, 59), (1395, 59), (1396, 59),
(1397, 59), (1398, 59), (1399, 59), (1400, 59),
(1401, 59), (1402, 59), (1403, 59), (1404, 59),
(1405, 59), (1406, 59), (1407, 59), (1408, 59),
(1409, 59), (1410, 59), (1411, 59), (1412, 59),
(1413, 59), (1414, 59), (1415, 59), (1416, 59);

SET IDENTITY_INSERT Players ON;
INSERT INTO Players (Id, [Name], Position) VALUES
(1417, 'Aaron Ramsdale', 'Goalkeeper'),
(1418, 'Ben Brereton Díaz', 'Forward'),
(1419, 'Tyler Dibling', 'Midfielder'),
(1420, 'Paul Onuachu', 'Forward'),
(1421, 'Yukinari Sugawara', 'Defender'),
(1422, 'Adam Armstrong', 'Forward'),
(1423, 'Kamaldeen Sulemana', 'Midfielder'),
(1424, 'Mateus Fernandes', 'Midfielder'),
(1425, 'Adam Lallana', 'Midfielder'),
(1426, 'Lesley Ugochukwu', 'Midfielder'),
(1427, 'Ross Stewart', 'Forward'),
(1428, 'Cameron Archer', 'Forward'),
(1429, 'Alex McCarthy', 'Goalkeeper'),
(1430, 'Jan Bednarek', 'Defender'),
(1431, 'Ronnie Edwards', 'Defender'),
(1432, 'Maxwell Cornet', 'Forward'),
(1433, 'Joe Aribo', 'Midfielder'),
(1434, 'Nathan Wood', 'Defender'),
(1435, 'Flynn Downes', 'Midfielder'),
(1436, 'Jack Stephens', 'Defender'),
(1437, 'Joe Lumley', 'Goalkeeper'),
(1438, 'Kyle Walker-Peters', 'Defender'),
(1439, 'Will Smallbone', 'Midfielder'),
(1440, 'Gavin Bazunu', 'Goalkeeper');
SET IDENTITY_INSERT Players OFF;

INSERT INTO PlayersTeams (PlayerId, TeamId) VALUES
(1417, 60), (1418, 60), (1419, 60), (1420, 60),
(1421, 60), (1422, 60), (1423, 60), (1424, 60),
(1425, 60), (1426, 60), (1427, 60), (1428, 60),
(1429, 60), (1430, 60), (1431, 60), (1432, 60),
(1433, 60), (1434, 60), (1435, 60), (1436, 60),
(1437, 60), (1438, 60), (1439, 60), (1440, 60);

SET IDENTITY_INSERT Players ON;
INSERT INTO Players (Id, [Name], Position) VALUES
(1441, 'Harry Kane', 'Forward'),
(1442, 'Jamal Musiala', 'Midfielder'),
(1443, 'Michael Olise', 'Midfielder'),
(1444, 'Manuel Neuer', 'Goalkeeper'),
(1445, 'Thomas Müller', 'Forward'),
(1446, 'Alphonso Davies', 'Forward'),
(1447, 'Leroy Sané', 'Forward'),
(1448, 'Joshua Kimmich', 'Midfielder'),
(1449, 'Daniel Peretz', 'Goalkeeper'),
(1450, 'Arijon Ibrahimović', 'Forward'),
(1451, 'Sacha Boey', 'Defender'),
(1452, 'João Palhinha', 'Midfielder'),
(1453, 'Leon Goretzka', 'Midfielder'),
(1454, 'Aleksandar Pavlović', 'Midfielder'),
(1455, 'Kim Min-jae', 'Defender'),
(1456, 'Hiroki Ito', 'Defender'),
(1457, 'Kingsley Coman', 'Forward'),
(1458, 'Sven Ulreich', 'Goalkeeper'),
(1459, 'Nestory Irankunda', 'Forward'),
(1460, 'Mathys Tel', 'Forward'),
(1461, 'Eric Dier', 'Defender'),
(1462, 'Serge Gnabry', 'Forward'),
(1463, 'Konrad Laimer', 'Midfielder'),
(1464, 'Dayot Upamecano', 'Defender');
SET IDENTITY_INSERT Players OFF;

INSERT INTO PlayersTeams (PlayerId, TeamId) VALUES
(1441, 61), (1442, 61), (1443, 61), (1444, 61),
(1445, 61), (1446, 61), (1447, 61), (1448, 61),
(1449, 61), (1450, 61), (1451, 61), (1452, 61),
(1453, 61), (1454, 61), (1455, 61), (1456, 61),
(1457, 61), (1458, 61), (1459, 61), (1460, 61),
(1461, 61), (1462, 61), (1463, 61), (1464, 61);

SET IDENTITY_INSERT Players ON;
INSERT INTO Players (Id, [Name], Position) VALUES
(1465, 'Florian Wirtz', 'Midfielder'),
(1466, 'Victor Boniface', 'Forward'),
(1467, 'Jeremie Frimpong', 'Defender'),
(1468, 'Patrik Schick', 'Forward'),
(1469, 'Granit Xhaka', 'Midfielder'),
(1470, 'Lukás Hrádecky', 'Goalkeeper'),
(1471, 'Piero Hincapié', 'Defender'),
(1472, 'Jonathan Tah', 'Defender'),
(1473, 'Alejandro Grimaldo', 'Defender'),
(1474, 'Nathan Tella', 'Midfielder'),
(1475, 'Nordi Mukiele', 'Defender'),
(1476, 'Martin Terrier', 'Forward'),
(1477, 'Amine Adli', 'Forward'),
(1478, 'Aleix García', 'Midfielder'),
(1479, 'Exequiel Palacios', 'Midfielder'),
(1480, 'Robert Andrich', 'Midfielder'),
(1481, 'Arthur', 'Defender'),
(1482, 'Edmond Tapsoba', 'Defender'),
(1483, 'Matěj Kovář', 'Goalkeeper'),
(1484, 'Francis Onyeka', 'Midfielder'),
(1485, 'Jonas Hofmann', 'Midfielder'),
(1486, 'Artem Stepanov', 'Forward'),
(1487, 'Jeanuël Belocian', 'Defender'),
(1488, 'Kerim Alijabegović', 'Forward');
SET IDENTITY_INSERT Players OFF;

INSERT INTO PlayersTeams (PlayerId, TeamId) VALUES
(1465, 62), (1466, 62), (1467, 62), (1468, 62),
(1469, 62), (1470, 62), (1471, 62), (1472, 62),
(1473, 62), (1474, 62), (1475, 62), (1476, 62),
(1477, 62), (1478, 62), (1479, 62), (1480, 62),
(1481, 62), (1482, 62), (1483, 62), (1484, 62),
(1485, 62), (1486, 62), (1487, 62), (1488, 62);

SET IDENTITY_INSERT Players ON;
INSERT INTO Players (Id, [Name], Position) VALUES
(1489, 'Omar Marmoush', 'Forward'),
(1490, 'Mario Götze', 'Midfielder'),
(1491, 'Hugo Ekitike', 'Forward'),
(1492, 'Kevin Trapp', 'Goalkeeper'),
(1493, 'Can Uzun', 'Midfielder'),
(1494, 'Kauã Santos', 'Goalkeeper'),
(1495, 'Mahmoud Dahoud', 'Midfielder'),
(1496, 'Arthur Theate', 'Defender'),
(1497, 'Oscar Højlund', 'Forward'),
(1498, 'Hugo Larsson', 'Midfielder'),
(1499, 'Robin Koch', 'Defender'),
(1500, 'Tuta', 'Defender'),
(1501, 'Farès Chaïbi', 'Midfielder'),
(1502, 'Nnamdi Collins', 'Defender'),
(1503, 'Nathaniel Brown', 'Defender'),
(1504, 'Rasmus Kristensen', 'Defender'),
(1505, 'Éric Junior Dina Ebimbe', 'Midfielder'),
(1506, 'Igor Matanović', 'Forward'),
(1507, 'Ansgar Knauff', 'Midfielder'),
(1508, 'Timothy Chandler', 'Defender'),
(1509, 'Niels Nkounkou', 'Defender'),
(1510, 'Ellyes Skhiri', 'Midfielder'),
(1511, 'Aurèle Amenda', 'Defender'),
(1512, 'Jean-Matthéo Bahoya', 'Forward');
SET IDENTITY_INSERT Players OFF;

INSERT INTO PlayersTeams (PlayerId, TeamId) VALUES
(1489, 63), (1490, 63), (1491, 63), (1492, 63),
(1493, 63), (1494, 63), (1495, 63), (1496, 63),
(1497, 63), (1498, 63), (1499, 63), (1500, 63),
(1501, 63), (1502, 63), (1503, 63), (1504, 63),
(1505, 63), (1506, 63), (1507, 63), (1508, 63),
(1509, 63), (1510, 63), (1511, 63), (1512, 63);

SET IDENTITY_INSERT Players ON;
INSERT INTO Players (Id, [Name], Position) VALUES
(1513, 'Xavi Simons', 'Midfielder'),
(1514, 'Benjamin Šeško', 'Forward'),
(1515, 'Loïs Openda', 'Forward'),
(1516, 'Antonio Nusa', 'Midfielder'),
(1517, 'Willi Orbán', 'Defender'),
(1518, 'André Silva', 'Forward'),
(1519, 'Lutsharel Geertruida', 'Defender'),
(1520, 'Castello Lukeba', 'Defender'),
(1521, 'Péter Gulácsi', 'Goalkeeper'),
(1522, 'Elif Elmas', 'Midfielder'),
(1523, 'Yussuf Poulsen', 'Forward'),
(1524, 'Benjamin Henrichs', 'Defender'),
(1525, 'Arthur Vermeeren', 'Midfielder'),
(1526, 'David Raum', 'Defender'),
(1527, 'Christoph Baumgartner', 'Midfielder'),
(1528, 'Xaver Schlager', 'Midfielder'),
(1529, 'Kevin Kampl', 'Midfielder'),
(1530, 'Amadou Haidara', 'Midfielder'),
(1531, 'Asan Ouédraogo', 'Midfielder'),
(1532, 'Viggo Gebel', 'Defender'),
(1533, 'Maarten Vandevoordt', 'Goalkeeper'),
(1534, 'El Chadaille Bitshiabu', 'Defender'),
(1535, 'Nicolas Seiwald', 'Midfielder'),
(1536, 'Lukas Klostermann', 'Defender');
SET IDENTITY_INSERT Players OFF;

INSERT INTO PlayersTeams (PlayerId, TeamId) VALUES
(1513, 64), (1514, 64), (1515, 64), (1516, 64),
(1517, 64), (1518, 64), (1519, 64), (1520, 64),
(1521, 64), (1522, 64), (1523, 64), (1524, 64),
(1525, 64), (1526, 64), (1527, 64), (1528, 64),
(1529, 64), (1530, 64), (1531, 64), (1532, 64),
(1533, 64), (1534, 64), (1535, 64), (1536, 64);

SET IDENTITY_INSERT Players ON;
INSERT INTO Players (Id, [Name], Position) VALUES
(1537, 'Jonathan Burkardt', 'Forward'),
(1538, 'Lee Jae-sung', 'Midfielder'),
(1539, 'Nadiem Amiri', 'Midfielder'),
(1540, 'Kaishū Sano', 'Midfielder'),
(1541, 'Paul Nebel', 'Midfielder'),
(1542, 'Hong Hyun-seok', 'Midfielder'),
(1543, 'Andreas Hanche-Olsen', 'Defender'),
(1544, 'Robin Zentner', 'Goalkeeper'),
(1545, 'Dominik Kohr', 'Midfielder'),
(1546, 'Aymen Barkok', 'Midfielder'),
(1547, 'Philipp Mwene', 'Defender'),
(1548, 'Moritz Jenz', 'Defender'),
(1549, 'Gabriel Vidović', 'Midfielder'),
(1550, 'Armindo Sieb', 'Forward'),
(1551, 'Daniel Batz', 'Goalkeeper'),
(1552, 'Karim Onisiwo', 'Forward'),
(1553, 'Anthony Caci', 'Defender'),
(1554, 'Silvan Widmer', 'Defender'),
(1555, 'Daniel Gleißer', 'Defender'),
(1556, 'Danny da Costa', 'Defender'),
(1557, 'Nelson Weiper', 'Forward'),
(1558, 'Stefan Bell', 'Defender'),
(1559, 'Nikolas Veratschnig', 'Midfielder'),
(1560, 'Maxim Leitsch', 'Defender');
SET IDENTITY_INSERT Players OFF;

INSERT INTO PlayersTeams (PlayerId, TeamId) VALUES
(1537, 65), (1538, 65), (1539, 65), (1540, 65),
(1541, 65), (1542, 65), (1543, 65), (1544, 65),
(1545, 65), (1546, 65), (1547, 65), (1548, 65),
(1549, 65), (1550, 65), (1551, 65), (1552, 65),
(1553, 65), (1554, 65), (1555, 65), (1556, 65),
(1557, 65), (1558, 65), (1559, 65), (1560, 65);

SET IDENTITY_INSERT Players ON;
INSERT INTO Players (Id, [Name], Position) VALUES
(1561, 'Ritsu Doan', 'Midfielder'),
(1562, 'Vincenzo Grifo', 'Midfielder'),
(1563, 'Eren Dinkçi', 'Forward'),
(1564, 'Christian Günter', 'Defender'),
(1565, 'Junior Adamu', 'Forward'),
(1566, 'Noah Atubolu', 'Goalkeeper'),
(1567, 'Philipp Lienhart', 'Defender'),
(1568, 'Michael Gregoritsch', 'Forward'),
(1569, 'Noah Weißhaupt', 'Midfielder'),
(1570, 'Matthias Ginter', 'Defender'),
(1571, 'Kenneth Schmidt', 'Defender'),
(1572, 'Merlin Röhl', 'Midfielder'),
(1573, 'Lucas Höler', 'Forward'),
(1574, 'Manuel Gulde', 'Defender'),
(1575, 'Daniel-Kofi Kyereh', 'Midfielder'),
(1576, 'Lukas Kübler', 'Defender'),
(1577, 'Maximilian Philipp', 'Forward'),
(1578, 'Max Rosenfelder', 'Defender'),
(1579, 'Florian Müller', 'Goalkeeper'),
(1580, 'Patrick Osterhage', 'Midfielder'),
(1581, 'Florent Muslija', 'Midfielder'),
(1582, 'Kiliann Sildillia', 'Defender'),
(1583, 'Nicolas Höfler', 'Midfielder'),
(1584, 'Jordy Makengo', 'Defender');
SET IDENTITY_INSERT Players OFF;

INSERT INTO PlayersTeams (PlayerId, TeamId) VALUES
(1561, 66), (1562, 66), (1563, 66), (1564, 66),
(1565, 66), (1566, 66), (1567, 66), (1568, 66),
(1569, 66), (1570, 66), (1571, 66), (1572, 66),
(1573, 66), (1574, 66), (1575, 66), (1576, 66),
(1577, 66), (1578, 66), (1579, 66), (1580, 66),
(1581, 66), (1582, 66), (1583, 66), (1584, 66);

SET IDENTITY_INSERT Players ON;
INSERT INTO Players (Id, [Name], Position) VALUES
(1585, 'Deniz Undav', 'Forward'),
(1586, 'Angelo Stiller', 'Midfielder'),
(1587, 'El Bilal Touré', 'Forward'),
(1588, 'Ermedin Demirović', 'Forward'),
(1589, 'Jamie Leweling', 'Forward'),
(1590, 'Atakan Karazor', 'Midfielder'),
(1591, 'Nick Woltemade', 'Forward'),
(1592, 'Enzo Millot', 'Midfielder'),
(1593, 'Alexander Nübel', 'Goalkeeper'),
(1594, 'Chris Führich', 'Midfielder'),
(1595, 'Jeff Chabot', 'Defender'),
(1596, 'Anrie Chase', 'Defender'),
(1597, 'Maximilian Mittelstädt', 'Defender'),
(1598, 'Fabian Rieder', 'Midfielder'),
(1599, 'Jarzinho Malanga', 'Midfielder'),
(1600, 'Justin Diehl', 'Forward'),
(1601, 'Ameen Al-Dakhil', 'Defender'),
(1602, 'Yannik Keitel', 'Midfielder'),
(1603, 'Josha Vagnoman', 'Defender'),
(1604, 'Ramon Hendriks', 'Defender'),
(1605, 'Leonidas Stergiou', 'Defender'),
(1606, 'Pascal Stenzel', 'Defender'),
(1607, 'Anthony Rouault', 'Defender'),
(1608, 'Benjamin Boakye', 'Forward');
SET IDENTITY_INSERT Players OFF;

INSERT INTO PlayersTeams (PlayerId, TeamId) VALUES
(1585, 67), (1586, 67), (1587, 67), (1588, 67),
(1589, 67), (1590, 67), (1591, 67), (1592, 67),
(1593, 67), (1594, 67), (1595, 67), (1596, 67),
(1597, 67), (1598, 67), (1599, 67), (1600, 67),
(1601, 67), (1602, 67), (1603, 67), (1604, 67),
(1605, 67), (1606, 67), (1607, 67), (1608, 67);

SET IDENTITY_INSERT Players ON;
INSERT INTO Players (Id, [Name], Position) VALUES
(1609, 'Serhou Guirassy', 'Forward'),
(1610, 'Karim Adeyemi', 'Forward'),
(1611, 'Emre Can', 'Midfielder'),
(1612, 'Maximilian Beier', 'Forward'),
(1613, 'Nico Schlotterbeck', 'Defender'),
(1614, 'Julian Brandt', 'Midfielder'),
(1615, 'Jamie Gittens', 'Forward'),
(1616, 'Donyell Malen', 'Forward'),
(1617, 'Yan Couto', 'Defender'),
(1618, 'Giovanni Reyna', 'Midfielder'),
(1619, 'Gregor Kobel', 'Goalkeeper'),
(1620, 'Marcel Sabitzer', 'Midfielder'),
(1621, 'Pascal Groß', 'Midfielder'),
(1622, 'Ramy Bensebaini', 'Defender'),
(1623, 'Niklas Süle', 'Defender'),
(1624, 'Felix Nmecha', 'Midfielder'),
(1625, 'Cole Campbell', 'Forward'),
(1626, 'Julien Duranville', 'Forward'),
(1627, 'Julian Ryerson', 'Defender'),
(1628, 'Almugera Kabar', 'Defender'),
(1629, 'Waldemar Anton', 'Defender'),
(1630, 'Alexander Meyer', 'Goalkeeper'),
(1631, 'Ayman Azhil', 'Midfielder'),
(1632, 'Jordi Paulina', 'Midfielder');
SET IDENTITY_INSERT Players OFF;

INSERT INTO PlayersTeams (PlayerId, TeamId) VALUES
(1609, 68), (1610, 68), (1611, 68), (1612, 68),
(1613, 68), (1614, 68), (1615, 68), (1616, 68),
(1617, 68), (1618, 68), (1619, 68), (1620, 68),
(1621, 68), (1622, 68), (1623, 68), (1624, 68),
(1625, 68), (1626, 68), (1627, 68), (1628, 68),
(1629, 68), (1630, 68), (1631, 68), (1632, 68);

SET IDENTITY_INSERT Players ON;
INSERT INTO Players (Id, [Name], Position) VALUES
(1633, 'Oliver Burke', 'Forward'),
(1634, 'Naby Keita', 'Midfielder'),
(1635, 'Derrick Köhn', 'Defender'),
(1636, 'Marvin Ducksch', 'Forward'),
(1637, 'Mitchell Weiser', 'Defender'),
(1638, 'Keke Topp', 'Forward'),
(1639, 'Jens Stage', 'Midfielder'),
(1640, 'Justin Njinmah', 'Forward'),
(1641, 'Michael Zetterer', 'Goalkeeper'),
(1642, 'Marco Friedl', 'Defender'),
(1643, 'Marco Grüll', 'Forward'),
(1644, 'Romano Schmid', 'Midfielder'),
(1645, 'Miloš Veljković', 'Defender'),
(1646, 'Felix Agu', 'Defender'),
(1647, 'Skelly Alvero', 'Midfielder'),
(1648, 'Oliver Deman', 'Defender'),
(1649, 'Anthony Jung', 'Defender'),
(1650, 'Leonardo Bittencourt', 'Midfielder'),
(1651, 'Markus Kolke', 'Goalkeeper'),
(1652, 'Julián Malatini', 'Defender'),
(1653, 'Niklas Stark', 'Defender'),
(1654, 'Amos Pieper', 'Defender'),
(1655, 'Senne Lynen', 'Midfielder'),
(1656, 'Mio Nagata', 'Goalkeeper');
SET IDENTITY_INSERT Players OFF;

INSERT INTO PlayersTeams (PlayerId, TeamId) VALUES
(1633, 69), (1634, 69), (1635, 69), (1636, 69),
(1637, 69), (1638, 69), (1639, 69), (1640, 69),
(1641, 69), (1642, 69), (1643, 69), (1644, 69),
(1645, 69), (1646, 69), (1647, 69), (1648, 69),
(1649, 69), (1650, 69), (1651, 69), (1652, 69),
(1653, 69), (1654, 69), (1655, 69), (1656, 69);

SET IDENTITY_INSERT Players ON;
INSERT INTO Players (Id, [Name], Position) VALUES
(1657, 'Mohamed Amoura', 'Forward'),
(1658, 'Kevin Behrens', 'Forward'),
(1659, 'Kamil Grabara', 'Goalkeeper'),
(1660, 'Ridle Baku', 'Midfielder'),
(1661, 'Salih Özcan', 'Midfielder'),
(1662, 'Kevin Paredes', 'Midfielder'),
(1663, 'Lukas Nmecha', 'Forward'),
(1664, 'Lovro Majer', 'Midfielder'),
(1665, 'Jonas Wind', 'Forward'),
(1666, 'Bence Dárdai', 'Defender'),
(1667, 'Maximilian Arnold', 'Midfielder'),
(1668, 'Konstantinos Koulierakis', 'Defender'),
(1669, 'Denis Vavro', 'Defender'),
(1670, 'Tiago Tomás', 'Forward'),
(1671, 'Mattias Svanberg', 'Midfielder'),
(1672, 'Aster Vranckx', 'Midfielder'),
(1673, 'Joakim Mæhle', 'Defender'),
(1674, 'Kilian Fischer', 'Defender'),
(1675, 'Marius Müller', 'Goalkeeper'),
(1676, 'Patrick Wimmer', 'Midfielder'),
(1677, 'Rogério', 'Defender'),
(1678, 'Yannick Gerhardt', 'Midfielder'),
(1679, 'Bennit Bröcker', 'Goalkeeper'),
(1680, 'Jakub Kamiński', 'Midfielder');
SET IDENTITY_INSERT Players OFF;

INSERT INTO PlayersTeams (PlayerId, TeamId) VALUES
(1657, 70), (1658, 70), (1659, 70), (1660, 70),
(1661, 70), (1662, 70), (1663, 70), (1664, 70),
(1665, 70), (1666, 70), (1667, 70), (1668, 70),
(1669, 70), (1670, 70), (1671, 70), (1672, 70),
(1673, 70), (1674, 70), (1675, 70), (1676, 70),
(1677, 70), (1678, 70), (1679, 70), (1680, 70);

SET IDENTITY_INSERT Players ON;
INSERT INTO Players (Id, [Name], Position) VALUES
(1681, 'Musa Al-Tamari', 'Forward'),
(1682, 'Teji Savanier', 'Midfielder'),
(1683, 'Wahbi Khazri', 'Forward'),
(1684, 'Dimitry Bertaud', 'Goalkeeper'),
(1685, 'Akor Adams', 'Forward'),
(1686, 'Jordan Ferri', 'Midfielder'),
(1687, 'Khalil Fayad', 'Midfielder'),
(1688, 'Nikola Maksimović', 'Defender'),
(1689, 'Joris Chotard', 'Midfielder'),
(1690, 'Arnaud Nordin', 'Forward'),
(1691, 'Benjamin Lecomte', 'Goalkeeper'),
(1692, 'Birama Touré', 'Midfielder'),
(1693, 'Falaye Sacko', 'Defender'),
(1694, 'Rabby Nzingoula', 'Midfielder'),
(1695, 'Tanguy Coulibaly', 'Midfielder'),
(1696, 'Christopher Jullien', 'Defender'),
(1697, 'Othmane Maamma', 'Forward'),
(1698, 'Becir Omeragic', 'Defender'),
(1699, 'Axel Gueguin', 'Forward'),
(1700, 'Belmin Dizdarević', 'Goalkeeper'),
(1701, 'Modibo Sagnan', 'Defender'),
(1702, 'Issiaga Sylla', 'Defender'),
(1703, 'Stefan Džodic', 'Midfielder'),
(1704, 'Yaël Mouanga Boudzoumo', 'Defender');
SET IDENTITY_INSERT Players OFF;

INSERT INTO PlayersTeams (PlayerId, TeamId) VALUES
(1681, 71), (1682, 71), (1683, 71), (1684, 71),
(1685, 71), (1686, 71), (1687, 71), (1688, 71),
(1689, 71), (1690, 71), (1691, 71), (1692, 71),
(1693, 71), (1694, 71), (1695, 71), (1696, 71),
(1697, 71), (1698, 71), (1699, 71), (1700, 71),
(1701, 71), (1702, 71), (1703, 71), (1704, 71);

SET IDENTITY_INSERT Players ON;
INSERT INTO Players (Id, [Name], Position) VALUES
(1705, 'André Ayew', 'Forward'),
(1706, 'Daler Kuzyaev', 'Midfielder'),
(1707, 'Ilyes Housni', 'Forward'),
(1708, 'Oussama Targhalline', 'Midfielder'),
(1709, 'Loïc Négo', 'Defender'),
(1710, 'Gautier Lloris', 'Defender'),
(1711, 'Christopher Operi', 'Defender'),
(1712, 'Yassine Kechta', 'Midfielder'),
(1713, 'Josué Casimir', 'Forward'),
(1714, 'Arouna Sangante', 'Defender'),
(1715, 'Yann Kitala', 'Forward'),
(1716, 'Yanis Zouaoui', 'Defender'),
(1717, 'Abdoulaye Touré', 'Midfielder'),
(1718, 'Étienne Youte Kinkoue', 'Defender'),
(1719, 'Ismail Bouneb', 'Midfielder'),
(1720, 'Timothée Pembélé', 'Defender'),
(1721, 'Antoine Joujou', 'Midfielder'),
(1722, 'Samuel Grandsir', 'Forward'),
(1723, 'Oualid El Hajjam', 'Defender'),
(1724, 'Mathéo Bodmer', 'Defender'),
(1725, 'Mathieu Gorgelin', 'Goalkeeper'),
(1726, 'Alois Confais', 'Midfielder'),
(1727, 'Yoann Salmier', 'Defender'),
(1728, 'Élysée Logbo', 'Forward');
SET IDENTITY_INSERT Players OFF;

INSERT INTO PlayersTeams (PlayerId, TeamId) VALUES
(1705, 72), (1706, 72), (1707, 72), (1708, 72),
(1709, 72), (1710, 72), (1711, 72), (1712, 72),
(1713, 72), (1714, 72), (1715, 72), (1716, 72),
(1717, 72), (1718, 72), (1719, 72), (1720, 72),
(1721, 72), (1722, 72), (1723, 72), (1724, 72),
(1725, 72), (1726, 72), (1727, 72), (1728, 72);

SET IDENTITY_INSERT Players ON;
INSERT INTO Players (Id, [Name], Position) VALUES
(1729, 'Zuriko Davitashvili', 'Forward'),
(1730, 'Lucas Stassin', 'Forward'),
(1731, 'Ben Old', 'Midfielder'),
(1732, 'Gautier Larsonneur', 'Goalkeeper'),
(1733, 'Augustine Boakye', 'Forward'),
(1734, 'Yunis Abdelhamid', 'Defender'),
(1735, 'Pierre Cornud', 'Defender'),
(1736, 'Florian Tardieu', 'Midfielder'),
(1737, 'Igor Miladinović', 'Midfielder'),
(1738, 'Ibrahim Sissoko', 'Forward'),
(1739, 'Benjamin Bouchouari', 'Midfielder'),
(1740, 'Mathieu Cafaro', 'Midfielder'),
(1741, 'Mickael Nade', 'Defender'),
(1742, 'Brice Maubleu', 'Goalkeeper'),
(1743, 'Pierre Ekwah', 'Midfielder'),
(1744, 'Mathis Amougou', 'Midfielder'),
(1745, 'Louis Mouton', 'Midfielder'),
(1746, 'Dylan Batubinsika', 'Defender'),
(1747, 'Aimen Moueffek', 'Defender'),
(1748, 'Ibrahima Wadji', 'Forward'),
(1749, 'Léo Pétrot', 'Defender'),
(1750, 'Ayman Aiki', 'Forward'),
(1751, 'Thomas Monconduit', 'Midfielder'),
(1752, 'Dennis Appiah', 'Defender');
SET IDENTITY_INSERT Players OFF;

INSERT INTO PlayersTeams (PlayerId, TeamId) VALUES
(1729, 73), (1730, 73), (1731, 73), (1732, 73),
(1733, 73), (1734, 73), (1735, 73), (1736, 73),
(1737, 73), (1738, 73), (1739, 73), (1740, 73),
(1741, 73), (1742, 73), (1743, 73), (1744, 73),
(1745, 73), (1746, 73), (1747, 73), (1748, 73),
(1749, 73), (1750, 73), (1751, 73), (1752, 73);

SET IDENTITY_INSERT Players ON;
INSERT INTO Players (Id, [Name], Position) VALUES
(1753, 'Tim Kleindienst', 'Forward'),
(1754, 'Ko Itakura', 'Defender'),
(1755, 'Florian Neuhaus', 'Midfielder'),
(1756, 'Kevin Stöger', 'Midfielder'),
(1757, 'Joe Scally', 'Defender'),
(1758, 'Rocco Reitz', 'Midfielder'),
(1759, 'Alassane Pléa', 'Forward'),
(1760, 'Jonas Omlin', 'Goalkeeper'),
(1761, 'Philipp Sander', 'Midfielder'),
(1762, 'Nico Elvedi', 'Defender'),
(1763, 'Julian Weigl', 'Midfielder'),
(1764, 'Marvin Friedrich', 'Defender'),
(1765, 'Luca Netz', 'Defender'),
(1766, 'Tomáš Čvančara', 'Forward'),
(1767, 'Robin Hack', 'Midfielder'),
(1768, 'Franck Honorat', 'Midfielder'),
(1769, 'Lukas Ullrich', 'Defender'),
(1770, 'Nathan Ngoumou', 'Forward'),
(1771, 'Moritz Nicolas', 'Goalkeeper'),
(1772, 'Shio Fukuda', 'Goalkeeper'),
(1773, 'Jan Olschowsky', 'Goalkeeper'),
(1774, 'Stefan Lainer', 'Defender'),
(1775, 'Grant-Leon Ranos', 'Forward'),
(1776, 'Tobias Sippel', 'Goalkeeper');
SET IDENTITY_INSERT Players OFF;

INSERT INTO PlayersTeams (PlayerId, TeamId) VALUES
(1753, 74), (1754, 74), (1755, 74), (1756, 74),
(1757, 74), (1758, 74), (1759, 74), (1760, 74),
(1761, 74), (1762, 74), (1763, 74), (1764, 74),
(1765, 74), (1766, 74), (1767, 74), (1768, 74),
(1769, 74), (1770, 74), (1771, 74), (1772, 74),
(1773, 74), (1774, 74), (1775, 74), (1776, 74);

SET IDENTITY_INSERT Players ON;
INSERT INTO Players (Id, [Name], Position) VALUES
(1777, 'Samuel Essende', 'Forward'),
(1778, 'Daniel Klein', 'Goalkeeper'),
(1779, 'Tim Breithaupt', 'Midfielder'),
(1780, 'Finn Dahmen', 'Goalkeeper'),
(1781, 'Steve Mounié', 'Forward'),
(1782, 'Alexis Claude-Maurice', 'Midfielder'),
(1783, 'Reece Oxford', 'Defender'),
(1784, 'Keven Schlotterbeck', 'Defender'),
(1785, 'Frank Onyeka', 'Midfielder'),
(1786, 'Nediljko Labrović', 'Goalkeeper'),
(1787, 'Marius Wolf', 'Midfielder'),
(1788, 'Dimitris Giannoulis', 'Defender'),
(1789, 'Yusuf Kabadayi', 'Forward'),
(1790, 'Kristijan Jakić', 'Midfielder'),
(1791, 'Jeffrey Gouweleeuw', 'Defender'),
(1792, 'Phillip Tietz', 'Forward'),
(1793, 'Mert Kömür', 'Midfielder'),
(1794, 'Elvis Rexhbecaj', 'Midfielder'),
(1795, 'Chrislain Matsima', 'Defender'),
(1796, 'Maximilian Bauer', 'Defender'),
(1797, 'Fredrik Jensen', 'Midfielder'),
(1798, 'Masaya Okugawa', 'Midfielder'),
(1799, 'Mads Pedersen', 'Defender'),
(1800, 'Arne Maier', 'Midfielder');
SET IDENTITY_INSERT Players OFF;

INSERT INTO PlayersTeams (PlayerId, TeamId) VALUES
(1777, 75), (1778, 75), (1779, 75), (1780, 75),
(1781, 75), (1782, 75), (1783, 75), (1784, 75),
(1785, 75), (1786, 75), (1787, 75), (1788, 75),
(1789, 75), (1790, 75), (1791, 75), (1792, 75),
(1793, 75), (1794, 75), (1795, 75), (1796, 75),
(1797, 75), (1798, 75), (1799, 75), (1800, 75);

SET IDENTITY_INSERT Players ON;
INSERT INTO Players (Id, [Name], Position) VALUES
(1801, 'Tom Rothe', 'Defender'),
(1802, 'Kevin Volland', 'Forward'),
(1803, 'Frederik Rønnow', 'Goalkeeper'),
(1804, 'Rani Khedira', 'Midfielder'),
(1805, 'Ivan Prtajin', 'Forward'),
(1806, 'Aljoscha Kemlein', 'Midfielder'),
(1807, 'Benedict Hollerbach', 'Forward'),
(1808, 'Christopher Trimmel', 'Defender'),
(1809, 'Diogo Leite', 'Defender'),
(1810, 'Josip Juranović', 'Defender'),
(1811, 'László Bénes', 'Midfielder'),
(1812, 'Jordan Pefok', 'Forward'),
(1813, 'Andreji Ilić', 'Forward'),
(1814, 'Yorbe Vertessen', 'Forward'),
(1815, 'Leopold Querfeld', 'Defender'),
(1816, 'Robert Skov', 'Midfielder'),
(1817, 'Tim Skarke', 'Midfielder'),
(1818, 'Lucas Tousart', 'Midfielder'),
(1819, 'András Schafer', 'Midfielder'),
(1820, 'Danilho Doekhi', 'Defender'),
(1821, 'Kevin Vogt', 'Defender'),
(1822, 'Alexander Schwolow', 'Goalkeeper'),
(1823, 'Jeong Woo-yeong', 'Midfielder'),
(1824, 'David Preu', 'Goalkeeper');
SET IDENTITY_INSERT Players OFF;

INSERT INTO PlayersTeams (PlayerId, TeamId) VALUES
(1801, 76), (1802, 76), (1803, 76), (1804, 76),
(1805, 76), (1806, 76), (1807, 76), (1808, 76),
(1809, 76), (1810, 76), (1811, 76), (1812, 76),
(1813, 76), (1814, 76), (1815, 76), (1816, 76),
(1817, 76), (1818, 76), (1819, 76), (1820, 76),
(1821, 76), (1822, 76), (1823, 76), (1824, 76);

SET IDENTITY_INSERT Players ON;
INSERT INTO Players (Id, [Name], Position) VALUES
(1825, 'Jackson Irvine', 'Midfielder'),
(1826, 'Elias Saad', 'Forward'),
(1827, 'Morgan Guilavogui', 'Forward'),
(1828, 'Philipp Treu', 'Defender'),
(1829, 'Johannes Eggestein', 'Forward'),
(1830, 'Carlo Boukhalfa', 'Midfielder'),
(1831, 'Eric Smith', 'Midfielder'),
(1832, 'Dapo Afolayan', 'Forward'),
(1833, 'Marvin Reiner Ian Schmitz', 'Midfielder'),
(1834, 'Karol Mets', 'Defender'),
(1835, 'Scott Banks', 'Forward'),
(1836, 'James Sands', 'Midfielder'),
(1837, 'Maurides', 'Forward'),
(1838, 'Connor Metcalfe', 'Midfielder'),
(1839, 'Danel Sinani', 'Forward'),
(1840, 'David Nemeth', 'Defender'),
(1841, 'Erik Ahlstrand', 'Midfielder'),
(1842, 'Manolis Saliakas', 'Defender'),
(1843, 'Eric Oelschlägel', 'Goalkeeper'),
(1844, 'Simon Zoller', 'Forward'),
(1845, 'Hauke Wahl', 'Defender'),
(1846, 'Fin Stevens', 'Defender'),
(1847, 'Ben Voll', 'Goalkeeper'),
(1848, 'Robert Wagner', 'Midfielder');
SET IDENTITY_INSERT Players OFF;

INSERT INTO PlayersTeams (PlayerId, TeamId) VALUES
(1825, 77), (1826, 77), (1827, 77), (1828, 77),
(1829, 77), (1830, 77), (1831, 77), (1832, 77),
(1833, 77), (1834, 77), (1835, 77), (1836, 77),
(1837, 77), (1838, 77), (1839, 77), (1840, 77),
(1841, 77), (1842, 77), (1843, 77), (1844, 77),
(1845, 77), (1846, 77), (1847, 77), (1848, 77);

SET IDENTITY_INSERT Players ON;
INSERT INTO Players (Id, [Name], Position) VALUES
(1849, 'Tom Bischoff', 'Midfielder'),
(1850, 'Andrej Kramarić', 'Forward'),
(1851, 'Ozan Kabak', 'Defender'),
(1852, 'Oliver Baumann', 'Goalkeeper'),
(1853, 'Attila Szalai', 'Defender'),
(1854, 'Mergim Berisha', 'Forward'),
(1855, 'Florian Grillitsch', 'Midfielder'),
(1856, 'Gift Orban', 'Forward'),
(1857, 'Adam Hložek', 'Forward'),
(1858, 'Marius Bülter', 'Forward'),
(1859, 'Umut Tohumcu', 'Midfielder'),
(1860, 'Alexander Prass', 'Defender'),
(1861, 'Max Moerstedt', 'Forward'),
(1862, 'Haris Tabaković', 'Forward'),
(1863, 'Grischa Prömel', 'Midfielder'),
(1864, 'Jacob Bruun Larsen', 'Forward'),
(1865, 'Valentin Gendrey', 'Defender'),
(1866, 'Ihlas Bebou', 'Forward'),
(1867, 'Dennis Geiger', 'Midfielder'),
(1868, 'Arthur Chaves', 'Defender'),
(1869, 'Stanley Nsoki', 'Defender'),
(1870, 'Anton Stach', 'Midfielder'),
(1871, 'Marco John', 'Midfielder'),
(1872, 'Finn Ole Becker', 'Midfielder');
SET IDENTITY_INSERT Players OFF;

INSERT INTO PlayersTeams (PlayerId, TeamId) VALUES
(1849, 78), (1850, 78), (1851, 78), (1852, 78),
(1853, 78), (1854, 78), (1855, 78), (1856, 78),
(1857, 78), (1858, 78), (1859, 78), (1860, 78),
(1861, 78), (1862, 78), (1863, 78), (1864, 78),
(1865, 78), (1866, 78), (1867, 78), (1868, 78),
(1869, 78), (1870, 78), (1871, 78), (1872, 78);

SET IDENTITY_INSERT Players ON;
INSERT INTO Players (Id, [Name], Position) VALUES
(1873, 'Paul Wanner', 'Midfielder'),
(1874, 'Léo Scienza', 'Midfielder'),
(1875, 'Lennard Maloney', 'Defender'),
(1876, 'Frans Krätzig', 'Defender'),
(1877, 'Kevin Müller', 'Goalkeeper'),
(1878, 'Marvin Pieringer', 'Forward'),
(1879, 'Sirlord Conteh', 'Forward'),
(1880, 'Niklas Dorsch', 'Midfielder'),
(1881, 'Adrian Beck', 'Midfielder'),
(1882, 'Patrick Mainka', 'Defender'),
(1883, 'Mikkel Kaufmann', 'Forward'),
(1884, 'Maximilian Breunig', 'Forward'),
(1885, 'Jan Schöppner', 'Midfielder'),
(1886, 'Luca Kerber', 'Midfielder'),
(1887, 'Mathias Honsak', 'Midfielder'),
(1888, 'Benedikt Gimber', 'Defender'),
(1889, 'Julian Niehues', 'Midfielder'),
(1890, 'Norman Theuerkauf', 'Defender'),
(1891, 'Denis Thomalla', 'Forward'),
(1892, 'Jonas Föhrenbach', 'Defender'),
(1893, 'Tim Siersleben', 'Defender'),
(1894, 'Omar Haktab Traoré', 'Defender'),
(1895, 'Thomas Keller', 'Defender'),
(1896, 'Marnon-Thomas Busch', 'Defender');
SET IDENTITY_INSERT Players OFF;

INSERT INTO PlayersTeams (PlayerId, TeamId) VALUES
(1873, 79), (1874, 79), (1875, 79), (1876, 79),
(1877, 79), (1878, 79), (1879, 79), (1880, 79),
(1881, 79), (1882, 79), (1883, 79), (1884, 79),
(1885, 79), (1886, 79), (1887, 79), (1888, 79),
(1889, 79), (1890, 79), (1891, 79), (1892, 79),
(1893, 79), (1894, 79), (1895, 79), (1896, 79);

SET IDENTITY_INSERT Players ON;
INSERT INTO Players (Id, [Name], Position) VALUES
(1897, 'Tymoteusz Puchacz', 'Defender'),
(1898, 'Jann-Fiete Arp', 'Forward'),
(1899, 'Shuto Machino', 'Forward'),
(1900, 'Lewis Holtby', 'Midfielder'),
(1901, 'Phil Harres', 'Forward'),
(1902, 'Steven Skrzybski', 'Forward'),
(1903, 'Armin Gigović', 'Midfielder'),
(1904, 'David Zec', 'Defender'),
(1905, 'Finn Porath', 'Midfielder'),
(1906, 'Patrick Erras', 'Midfielder'),
(1907, 'Lasse Rosenboom', 'Defender'),
(1908, 'Timo Becker', 'Defender'),
(1909, 'Timon Weiner', 'Goalkeeper'),
(1910, 'Nicolai Remberg', 'Midfielder'),
(1911, 'Magnus Knudsen', 'Midfielder'),
(1912, 'Max Geschwill', 'Defender'),
(1913, 'Benedikt Pichler', 'Forward'),
(1914, 'Andu Kelati', 'Midfielder'),
(1915, 'Marvin Schulz', 'Midfielder'),
(1916, 'Alexander Bernhardsson', 'Forward'),
(1917, 'Carl Johansson', 'Defender'),
(1918, 'Colin Kleine-Bekel', 'Defender'),
(1919, 'Marco Komenda', 'Defender'),
(1920, 'Marko Ivezic', 'Goalkeeper');
SET IDENTITY_INSERT Players OFF;

INSERT INTO PlayersTeams (PlayerId, TeamId) VALUES
(1897, 80), (1898, 80), (1899, 80), (1900, 80),
(1901, 80), (1902, 80), (1903, 80), (1904, 80),
(1905, 80), (1906, 80), (1907, 80), (1908, 80),
(1909, 80), (1910, 80), (1911, 80), (1912, 80),
(1913, 80), (1914, 80), (1915, 80), (1916, 80),
(1917, 80), (1918, 80), (1919, 80), (1920, 80);

SET IDENTITY_INSERT Players ON;
INSERT INTO Players (Id, [Name], Position) VALUES
(1921, 'Manuel Riemann', 'Goalkeeper'),
(1922, 'Myron Boadu', 'Forward'),
(1923, 'Gerrit Holtmann', 'Forward'),
(1924, 'Patrick Drewes', 'Goalkeeper'),
(1925, 'Maximilian Wittek', 'Defender'),
(1926, 'Bernardo', 'Defender'),
(1927, 'Koji Miyoshi', 'Midfielder'),
(1928, 'Dani de Wit', 'Midfielder'),
(1929, 'Aliou Baldé', 'Forward'),
(1930, 'Moritz Broschinski', 'Forward'),
(1931, 'Timo Horn', 'Goalkeeper'),
(1932, 'Moritz Kwarteng', 'Midfielder'),
(1933, 'Ibrahima Sissoko', 'Midfielder'),
(1934, 'Anthony Losilla', 'Midfielder'),
(1935, 'Samuel Bamba', 'Forward'),
(1936, 'Jakov Medic', 'Defender'),
(1937, 'Felix Passlack', 'Defender'),
(1938, 'Cristian Gamboa', 'Defender'),
(1939, 'Mohammed Tolba', 'Defender'),
(1940, 'Philipp Hofmann', 'Forward'),
(1941, 'Mats Pannewig', 'Midfielder'),
(1942, 'Lukas Daschner', 'Midfielder'),
(1943, 'Tim Oermann', 'Defender'),
(1944, 'Niklas Jahn', 'Midfielder');
SET IDENTITY_INSERT Players OFF;

INSERT INTO PlayersTeams (PlayerId, TeamId) VALUES
(1921, 81), (1922, 81), (1923, 81), (1924, 81),
(1925, 81), (1926, 81), (1927, 81), (1928, 81),
(1929, 81), (1930, 81), (1931, 81), (1932, 81),
(1933, 81), (1934, 81), (1935, 81), (1936, 81),
(1937, 81), (1938, 81), (1939, 81), (1940, 81),
(1941, 81), (1942, 81), (1943, 81), (1944, 81);

SET IDENTITY_INSERT Players ON;
INSERT INTO Players (Id, [Name], Position) VALUES
(1945, 'Bradley Barcola', 'Forward'),
(1946, 'Ousmane Dembélé', 'Forward'),
(1947, 'Achraf Hakimi', 'Defender'),
(1948, 'Randal Kolo Muani', 'Forward'),
(1949, 'Gianluigi Donnarumma', 'Goalkeeper'),
(1950, 'Matvei Safonov', 'Goalkeeper'),
(1951, 'Désiré Doué', 'Forward'),
(1952, 'Willian Pacho', 'Defender'),
(1953, 'Lee Kang-in', 'Midfielder'),
(1954, 'Vitinha', 'Midfielder'),
(1955, 'Gonçalo Ramos', 'Forward'),
(1956, 'Marco Asensio', 'Forward'),
(1957, 'Khvicha Kvaratskhelia', 'Forward'),
(1958, 'Presnel Kimpembe', 'Defender'),
(1959, 'Nuno Mendes', 'Defender'),
(1960, 'Milan Škriniar', 'Defender'),
(1961, 'Fabián Ruiz', 'Midfielder'),
(1962, 'Senny Mayulu', 'Midfielder'),
(1963, 'Marquinhos', 'Defender'),
(1964, 'João Neves', 'Midfielder'),
(1965, 'Lucas Hernández', 'Defender'),
(1966, 'Lucas Beraldo', 'Defender'),
(1967, 'Ibrahim Mbaye', 'Defender'),
(1968, 'Warren Zaïre-Emery', 'Midfielder');
SET IDENTITY_INSERT Players OFF;

INSERT INTO PlayersTeams (PlayerId, TeamId) VALUES
(1945, 82), (1946, 82), (1947, 82), (1948, 82),
(1949, 82), (1950, 82), (1951, 82), (1952, 82),
(1953, 82), (1954, 82), (1955, 82), (1956, 82),
(1957, 82), (1958, 82), (1959, 82), (1960, 82),
(1961, 82), (1962, 82), (1963, 82), (1964, 82),
(1965, 82), (1966, 82), (1967, 82), (1968, 82);

SET IDENTITY_INSERT Players ON;
INSERT INTO Players (Id, [Name], Position) VALUES
(1969, 'Mason Greenwood', 'Forward'),
(1970, 'Adrien Rabiot', 'Midfielder'),
(1971, 'Elye Wahi', 'Forward'),
(1972, 'Neal Maupay', 'Forward'),
(1973, 'Luis Henrique', 'Forward'),
(1974, 'Chancel Mbemba', 'Defender'),
(1975, 'Jonathan Rowe', 'Forward'),
(1976, 'Gerónimo Rulli', 'Goalkeeper'),
(1977, 'Amine Harit', 'Midfielder'),
(1978, 'Ismaël Koné', 'Midfielder'),
(1979, 'Valentín Carboni', 'Midfielder'),
(1980, 'Luiz Felipe', 'Centre-back'),
(1981, 'Leonardo Balerdi', 'Defender'),
(1982, 'Valentin Rongier', 'Midfielder'),
(1983, 'Bilal Nadir', 'Midfielder'),
(1984, 'Derek Cornelius', 'Defender'),
(1985, 'Michael Amir Murillo', 'Defender'),
(1986, 'Lilian Brassier', 'Defender'),
(1987, 'Pierre-Emile Højbjerg', 'Midfielder'),
(1988, 'Quentin Merlin', 'Defender'),
(1989, 'Geoffrey Kondogbia', 'Midfielder'),
(1990, 'Faris Moumbagna', 'Forward'),
(1991, 'Jeffrey de Lange', 'Goalkeeper'),
(1992, 'Bamo Meïté', 'Defender');
SET IDENTITY_INSERT Players OFF;

INSERT INTO PlayersTeams (PlayerId, TeamId) VALUES
(1969, 83), (1970, 83), (1971, 83), (1972, 83),
(1973, 83), (1974, 83), (1975, 83), (1976, 83),
(1977, 83), (1978, 83), (1979, 83), (1980, 83),
(1981, 83), (1982, 83), (1983, 83), (1984, 83),
(1985, 83), (1986, 83), (1987, 83), (1988, 83),
(1989, 83), (1990, 83), (1991, 83), (1992, 83);

SET IDENTITY_INSERT Players ON;
INSERT INTO Players (Id, [Name], Position) VALUES
(1993, 'Jonathan David', 'Forward'),
(1994, 'Ethan Mbappé', 'Midfielder'),
(1995, 'Samuel Umtiti', 'Defender'),
(1996, 'Edon Zhegrova', 'Midfielder'),
(1997, 'Mitchel Bakker', 'Defender'),
(1998, 'Angel Gomes', 'Midfielder'),
(1999, 'Lucas Chevalier', 'Goalkeeper'),
(2000, 'Ayyoub Bouaddi', 'Midfielder'),
(2001, 'Ngalayel Mukau', 'Midfielder'),
(2002, 'André Gomes', 'Midfielder'),
(2003, 'Ismaily', 'Defender'),
(2004, 'Alexsandro', 'Defender'),
(2005, 'Osame Sahraoui', 'Forward'),
(2006, 'Hákon Arnar Haraldsson', 'Midfielder'),
(2007, 'Vito Mannone', 'Goalkeeper'),
(2008, 'Tiago Santos', 'Defender'),
(2009, 'Rémy Cabella', 'Midfielder'),
(2010, 'Thomas Meunier', 'Defender'),
(2011, 'Mohamed Bayo', 'Forward'),
(2012, 'Aissa Mandi', 'Defender'),
(2013, 'Benjamin André', 'Midfielder'),
(2014, 'Nabil Bentaleb', 'Midfielder'),
(2015, 'Matias Fernandez', 'Forward'),
(2016, 'Akim Zedadka', 'Defender');
SET IDENTITY_INSERT Players OFF;

INSERT INTO PlayersTeams (PlayerId, TeamId)
VALUES
(1993, 84), (1994, 84), (1995, 84), (1996, 84),
(1997, 84), (1998, 84), (1999, 84), (2000, 84),
(2001, 84), (2002, 84), (2003, 84), (2004, 84),
(2005, 84), (2006, 84), (2007, 84), (2008, 84),
(2009, 84), (2010, 84), (2011, 84), (2012, 84),
(2013, 84), (2014, 84), (2015, 84), (2016, 84);

SET IDENTITY_INSERT Players ON;
INSERT INTO Players (Id, [Name], Position) VALUES
(2017, 'Takumi Minamino', 'Midfielder'),
(2018, 'Folarin Balogun', 'Forward'),
(2019, 'Aleksandr Golovin', 'Midfielder'),
(2020, 'Eliesse Ben Seghir', 'Midfielder'),
(2021, 'Maghnes Akliouche', 'Midfielder'),
(2022, 'Breel Embolo', 'Forward'),
(2023, 'Vanderson', 'Defender'),
(2024, 'Thilo Kehrer', 'Defender'),
(2025, 'Wilfried Singo', 'Defender'),
(2026, 'Denis Zakaria', 'Midfielder'),
(2027, 'George Ilie Makengo', 'Forward'),
(2028, 'Lamine Camara', 'Midfielder'),
(2029, 'Radoslaw Majecki', 'Goalkeeper'),
(2030, 'Mohammed Salisu', 'Defender'),
(2031, 'Caio Henrique Oliveira Silva', 'Defender'),
(2032, 'Jordan Teze', 'Defender'),
(2033, 'Philipp Köhn', 'Goalkeeper'),
(2034, 'Soungoutou Magassa', 'Midfielder'),
(2035, 'Christian Mawissa', 'Defender'),
(2036, 'Krèpin Diatta', 'Midfielder'),
(2037, 'Saimon Bouabré', 'Midfielder'),
(2038, 'Kassoum Ouattara', 'Defender'),
(2039, 'Samuel Nibombé', 'Midfielder'),
(2040, 'Eliot Matazo', 'Midfielder');
SET IDENTITY_INSERT Players OFF;

INSERT INTO PlayersTeams (PlayerId, TeamId) VALUES
(2017, 85), (2018, 85), (2019, 85), (2020, 85),
(2021, 85), (2022, 85), (2023, 85), (2024, 85),
(2025, 85), (2026, 85), (2027, 85), (2028, 85),
(2029, 85), (2030, 85), (2031, 85), (2032, 85),
(2033, 85), (2034, 85), (2035, 85), (2036, 85),
(2037, 85), (2038, 85), (2039, 85), (2040, 85);

SET IDENTITY_INSERT Players ON;
INSERT INTO Players (Id, Name, Position) VALUES
(2041, 'Mohamed Abdelmonem', 'Defender'),
(2042, 'Youssoufa Moukoko', 'Forward'),
(2043, 'Tanguy Ndombele', 'Midfielder'),
(2044, 'Moïse Bombito', 'Defender'),
(2045, 'Dante', 'Defender'),
(2046, 'Evann Guessand', 'Forward'),
(2047, 'Marcin Bułka', 'Goalkeeper'),
(2048, 'Ali Al-Abdi', 'Defender'),
(2049, 'Sofiane Diop', 'Midfielder'),
(2050, 'Badredine Bouanani', 'Midfielder'),
(2051, 'Jonathan Clauss', 'Defender'),
(2052, 'Hicham Boudaoui', 'Midfielder'),
(2053, 'Mohamed-Ali Cho', 'Forward'),
(2054, 'Terem Moffi', 'Forward'),
(2055, 'Youssouf Ndayishimiye', 'Midfielder'),
(2056, 'Pablo Rosario', 'Midfielder'),
(2057, 'Morgan Sanson', 'Midfielder'),
(2058, 'Victor Orakpo', 'Forward'),
(2059, 'Jérémie Boga', 'Forward'),
(2060, 'Tom Louchet', 'Defender'),
(2061, 'Antoine Mendy', 'Defender'),
(2062, 'Melvin Bard', 'Defender'),
(2063, 'Issiaga Camara', 'Midfielder'),
(2064, 'Gaëtan Laborde', 'Forward');
SET IDENTITY_INSERT Players OFF;

INSERT INTO PlayersTeams (PlayerId, TeamId) VALUES
(2041, 86), (2042, 86), (2043, 86), (2044, 86), 
(2045, 86), (2046, 86), (2047, 86), (2048, 86), 
(2049, 86), (2050, 86), (2051, 86), (2052, 86), 
(2053, 86), (2054, 86), (2055, 86), (2056, 86), 
(2057, 86), (2058, 86), (2059, 86), (2060, 86), 
(2061, 86), (2062, 86), (2063, 86), (2064, 86);

SET IDENTITY_INSERT Players ON;
INSERT INTO Players (Id, Name, Position) VALUES
(2065, 'Rayan Cherki', 'Forward'),
(2066, 'Wilfried Zaha', 'Forward'),
(2067, 'Georges Mikautadze', 'Forward'),
(2068, 'Alexandre Lacazette', 'Forward'),
(2069, 'Thiago Almada', 'Midfielder'),
(2070, 'Malick Fofana', 'Forward'),
(2071, 'Abner Vinícius', 'Defender'),
(2072, 'Saïd Benrahma', 'Midfielder'),
(2073, 'Corentin Tolisso', 'Midfielder'),
(2074, 'Lucas Perri', 'Goalkeeper'),
(2075, 'Maxence Caqueret', 'Midfielder'),
(2076, 'Nicolás Tagliafico', 'Defender'),
(2077, 'Nemanja Matić', 'Midfielder'),
(2078, 'Tanner Tessmann', 'Midfielder'),
(2079, 'Ernest Nuamah', 'Forward'),
(2080, 'Jordan Veretout', 'Midfielder'),
(2081, 'Warmed Omari', 'Defender'),
(2082, 'Moussa Niakhaté', 'Defender'),
(2083, 'Rémy Descamps', 'Goalkeeper'),
(2084, 'Clinton Mata', 'Defender'),
(2085, 'Duje Ćaleta-Car', 'Defender'),
(2086, 'Enzo Molebe', 'Midfielder'),
(2087, 'Ainsley Maitland-Niles', 'Defender'),
(2088, 'Mahamadou Diarra', 'Midfielder');
SET IDENTITY_INSERT Players OFF;

INSERT INTO PlayersTeams (PlayerId, TeamId) VALUES
(2065, 87), (2066, 87), (2067, 87), (2068, 87), 
(2069, 87), (2070, 87), (2071, 87), (2072, 87), 
(2073, 87), (2074, 87), (2075, 87), (2076, 87), 
(2077, 87), (2078, 87), (2079, 87), (2080, 87), 
(2081, 87), (2082, 87), (2083, 87), (2084, 87), 
(2085, 87), (2086, 87), (2087, 87), (2088, 87);

SET IDENTITY_INSERT Players ON;
INSERT INTO Players (Id, Name, Position) VALUES
(2089, 'Abdukodir Khusanov', 'Defender'),
(2090, 'Kevin Danso', 'Defender'),
(2091, 'Martín Satriano', 'Forward'),
(2092, 'Facundo Medina', 'Defender'),
(2093, 'MBala Nzola', 'Forward'),
(2094, 'Anass Zaroury', 'Forward'),
(2095, 'Malang Sarr', 'Defender'),
(2096, 'Przemysław Frankowski', 'Midfielder'),
(2097, 'Hervé Koffi', 'Goalkeeper'),
(2098, 'Florian Sotoca', 'Forward'),
(2099, 'Jhoanner Chávez', 'Defender'),
(2100, 'Jonathan Gradit', 'Defender'),
(2101, 'Neil El Aynaoui', 'Midfielder'),
(2102, 'Rémy Labeau Lascary', 'Forward'),
(2103, 'Kembo Diliwidi', 'Forward'),
(2104, 'Jimmy Cabot', 'Midfielder'),
(2105, 'Wesley Saïd', 'Forward'),
(2106, 'David Costa', 'Midfielder'),
(2107, 'Andy Diouf', 'Midfielder'),
(2108, 'Hamzat Ojediran', 'Defender'),
(2109, 'Deiver Machado', 'Midfielder'),
(2110, 'Angelo Fulgini', 'Midfielder'),
(2111, 'Adrien Thomasson', 'Midfielder'),
(2112, 'Tom Pouilly', 'Midfielder');
SET IDENTITY_INSERT Players OFF;

INSERT INTO PlayersTeams (PlayerId, TeamId) VALUES
(2089, 88), (2090, 88), (2091, 88), (2092, 88), 
(2093, 88), (2094, 88), (2095, 88), (2096, 88), 
(2097, 88), (2098, 88), (2099, 88), (2100, 88), 
(2101, 88), (2102, 88), (2103, 88), (2104, 88), 
(2105, 88), (2106, 88), (2107, 88), (2108, 88), 
(2109, 88), (2110, 88), (2111, 88), (2112, 88);

SET IDENTITY_INSERT Players ON;
INSERT INTO Players (Id, Name, Position) VALUES
(2113, 'Joshua King', 'Forward'),
(2114, 'Mark McKenzie', 'Defender'),
(2115, 'Charlie Cresswell', 'Defender'),
(2116, 'Zakaria Aboukhlal', 'Forward'),
(2117, 'Gabriel Suazo', 'Defender'),
(2118, 'Guillaume Restes', 'Goalkeeper'),
(2119, 'Miha Zajc', 'Midfielder'),
(2120, 'Djibril Sidibé', 'Defender'),
(2121, 'Aron Dønnum', 'Midfielder'),
(2122, 'Ümit Akdağ', 'Forward'),
(2123, 'Yann Gboho', 'Midfielder'),
(2124, 'Frank Magri', 'Forward'),
(2125, 'Shavy Babicka', 'Forward'),
(2126, 'Rafik Messali', 'Midfielder'),
(2127, 'Warren Kamanzi', 'Defender'),
(2128, 'Jaydee Canvot', 'Defender'),
(2129, 'Niklas Schmidt', 'Midfielder'),
(2130, 'Vincent Sierro', 'Midfielder'),
(2131, 'Rasmus Nicolaisen', 'Defender'),
(2132, 'Denis Genreau', 'Midfielder'),
(2133, 'Álex Domínguez', 'Goalkeeper'),
(2134, 'Noah Edjouma', 'Forward'),
(2135, 'Mathys Sauveur Nifore', 'Goalkeeper'),
(2136, 'Ylies Aradj', 'Defender');
SET IDENTITY_INSERT Players OFF;

INSERT INTO PlayersTeams (PlayerId, TeamId) VALUES
(2113, 89), (2114, 89), (2115, 89), (2116, 89),
(2117, 89), (2118, 89), (2119, 89), (2120, 89),
(2121, 89), (2122, 89), (2123, 89), (2124, 89),
(2125, 89), (2126, 89), (2127, 89), (2128, 89),
(2129, 89), (2130, 89), (2131, 89), (2132, 89),
(2133, 89), (2134, 89), (2135, 89), (2136, 89);

SET IDENTITY_INSERT Players ON;
INSERT INTO Players (Id, Name, Position) VALUES
(2137, 'Ludovic Ajorque', 'Forward'),
(2138, 'Abdallah Sima', 'Forward'),
(2139, 'Marco Bizot', 'Goalkeeper'),
(2140, 'Ibrahim Salah', 'Forward'),
(2141, 'Edimilson Fernandes', 'Defender'),
(2142, 'Mama Baldé', 'Forward'),
(2143, 'Romain Del Castillo', 'Midfielder'),
(2144, 'Pierre Lees-Melou', 'Midfielder'),
(2145, 'Bradley Locko', 'Defender'),
(2146, 'Romain Faivre', 'Midfielder'),
(2147, 'Soumaila Coulibaly', 'Defender'),
(2148, 'Brendan Chardonnet', 'Defender'),
(2149, 'Kamory Doumbia', 'Midfielder'),
(2150, 'Mahdi Camara', 'Midfielder'),
(2151, 'Hugo Magnetti', 'Midfielder'),
(2152, 'Kenny Lala', 'Defender'),
(2153, 'Jordan Amavi', 'Defender'),
(2154, 'Axel Camblan', 'Midfielder'),
(2155, 'Jonas Martin', 'Midfielder'),
(2156, 'Massadio Haïdara', 'Defender'),
(2157, 'Abdoulaye Ndiaye', 'Defender'),
(2158, 'Julien Le Cardinal', 'Defender'),
(2159, 'Léo Botz', 'Forward'),
(2160, 'Mathias Pereira Lage', 'Midfielder');
SET IDENTITY_INSERT Players OFF;

INSERT INTO PlayersTeams (PlayerId, TeamId) VALUES
(2137, 90), (2138, 90), (2139, 90), (2140, 90),
(2141, 90), (2142, 90), (2143, 90), (2144, 90),
(2145, 90), (2146, 90), (2147, 90), (2148, 90),
(2149, 90), (2150, 90), (2151, 90), (2152, 90),
(2153, 90), (2154, 90), (2155, 90), (2156, 90),
(2157, 90), (2158, 90), (2159, 90), (2160, 90);

SET IDENTITY_INSERT Players ON;
INSERT INTO Players (Id, Name, Position) VALUES
(2161, 'Andrey Santos', 'Midfielder'),
(2162, 'Sebastian Nanasi', 'Midfielder'),
(2163, 'Djordje Petrovic', 'Goalkeeper'),
(2164, 'Emanuel Emegha', 'Forward'),
(2165, 'Rayane Messi', 'Forward'),
(2166, 'Caleb Wiley', 'Defender'),
(2167, 'Diego Moreira', 'Forward'),
(2168, 'Mamadou Sarr', 'Defender'),
(2169, 'Habib Diarra', 'Midfielder'),
(2170, 'Guela Doué', 'Defender'),
(2171, 'Sékou Mara', 'Forward'),
(2172, 'Óscar Perea', 'Forward'),
(2173, 'Miloš Luković', 'Forward'),
(2174, 'Alaa Bellarouch', 'Goalkeeper'),
(2175, 'Dilane Bakwa', 'Forward'),
(2176, 'Abdoul Ouattara', 'Midfielder'),
(2177, 'Ryan Tutu Mayangila', 'Goalkeeper'),
(2178, 'Ismaël Doukouré', 'Defender'),
(2179, 'Nolan Martin Ferro', 'Midfielder'),
(2180, 'Thomas Delaine', 'Defender'),
(2181, 'Pape Daouda Diong', 'Midfielder'),
(2182, 'Eduard Sobol', 'Defender'),
(2183, 'Yoni Gomis', 'Forward'),
(2184, 'Félix Lemaréchal', 'Midfielder');
SET IDENTITY_INSERT Players OFF;

INSERT INTO PlayersTeams (PlayerId, TeamId) VALUES
(2161, 91), (2162, 91), (2163, 91), (2164, 91),
(2165, 91), (2166, 91), (2167, 91), (2168, 91),
(2169, 91), (2170, 91), (2171, 91), (2172, 91),
(2173, 91), (2174, 91), (2175, 91), (2176, 91),
(2177, 91), (2178, 91), (2179, 91), (2180, 91),
(2181, 91), (2182, 91), (2183, 91), (2184, 91);

SET IDENTITY_INSERT Players ON;
INSERT INTO Players (Id, Name, Position) VALUES
(2185, 'Gabriel Osho', 'Defender'),
(2186, 'Gaëtan Perrin', 'Forward'),
(2187, 'Hamed Traorè', 'Midfielder'),
(2188, 'Jubal', 'Defender'),
(2189, 'Theo Bair', 'Forward'),
(2190, 'Rayan Raveloson', 'Midfielder'),
(2191, 'Paul Joly', 'Defender'),
(2192, 'Clément Akpa', 'Midfielder'),
(2193, 'Donovan Léon', 'Goalkeeper'),
(2194, 'Gideon Mensah', 'Defender'),
(2195, 'Lassine Sinayoko', 'Forward'),
(2196, 'Sinaly Diomandé', 'Defender'),
(2197, 'Ado Onaiwu', 'Forward'),
(2198, 'Ki-Jana Hoever', 'Defender'),
(2199, 'Lasso Coulibaly', 'Midfielder'),
(2200, 'Saad Agouzoul', 'Defender'),
(2201, 'Kévin Danois', 'Midfielder'),
(2202, 'Théo De Percin', 'Goalkeeper'),
(2203, 'Assane Diousse El Hadji', 'Midfielder'),
(2204, 'Florian Ayé', 'Forward'),
(2205, 'Tom Negrel', 'Goalkeeper'),
(2206, 'Théo Pellanrd', 'Defender'),
(2207, 'Raphaël Adiceam', 'Goalkeeper'),
(2208, 'Aristide Zossou', 'Midfielder');
SET IDENTITY_INSERT Players OFF;

INSERT INTO PlayersTeams (PlayerId, TeamId) VALUES
(2185, 92), (2186, 92), (2187, 92), (2188, 92),
(2189, 92), (2190, 92), (2191, 92), (2192, 92),
(2193, 92), (2194, 92), (2195, 92), (2196, 92),
(2197, 92), (2198, 92), (2199, 92), (2200, 92),
(2201, 92), (2202, 92), (2203, 92), (2204, 92),
(2205, 92), (2206, 92), (2207, 92), (2208, 92);

SET IDENTITY_INSERT Players ON;
INSERT INTO Players (Id, Name, Position) VALUES
(2209, 'Himad Abdelli', 'Midfielder'),
(2210, 'Esteban Lepaul', 'Forward'),
(2211, 'Ibrahima Niane', 'Forward'),
(2212, 'Haris Belkebla', 'Midfielder'),
(2213, 'Jordan Lefort', 'Defender'),
(2214, 'Loïs Diony', 'Forward'),
(2215, 'Yahia Fofana', 'Goalkeeper'),
(2216, 'Farid El Melali', 'Forward'),
(2217, 'Bamba Dieng', 'Forward'),
(2218, 'Carlens Arcus', 'Defender'),
(2219, 'Jean-Eudes Aholou', 'Midfielder'),
(2220, 'Florent Hanin', 'Defender'),
(2221, 'Jim Allevinah', 'Forward'),
(2222, 'Emmanuel Biumla', 'Midfielder'),
(2223, 'Pierrick Capelle', 'Midfielder'),
(2224, 'Lilian Raolisoa', 'Defender'),
(2225, 'Zinedine Ferhat', 'Midfielder'),
(2226, 'Sidiki Cherif', 'Forward'),
(2227, 'Cédric Hountondji', 'Defender'),
(2228, 'Adrien Hunou', 'Forward'),
(2229, 'Abdoulaye Bamba', 'Defender'),
(2230, 'Justin Kalumba', 'Defender'),
(2231, 'Ousmane Camara', 'Midfielder'),
(2232, 'Zinédine Ould Khaled', 'Midfielder');
SET IDENTITY_INSERT Players OFF;

INSERT INTO PlayersTeams (PlayerId, TeamId) VALUES
(2209, 93), (2210, 93), (2211, 93), (2212, 93),
(2213, 93), (2214, 93), (2215, 93), (2216, 93),
(2217, 93), (2218, 93), (2219, 93), (2220, 93),
(2221, 93), (2222, 93), (2223, 93), (2224, 93),
(2225, 93), (2226, 93), (2227, 93), (2228, 93),
(2229, 93), (2230, 93), (2231, 93), (2232, 93);

SET IDENTITY_INSERT Players ON;
INSERT INTO Players (Id, Name, Position) VALUES
(2233, 'Junya Ito', 'Forward'),
(2234, 'Keito Nakamura', 'Midfielder'),
(2235, 'Gabriel Moscardo', 'Midfielder'),
(2236, 'Oumar Diakité', 'Forward'),
(2237, 'Mohamed Daramy', 'Forward'),
(2238, 'Yaya Fofana', 'Midfielder'),
(2239, 'Emmanuel Agbadou', 'Defender'),
(2240, 'Teddy Teuma', 'Midfielder'),
(2241, 'Valentin Atangana', 'Defender'),
(2242, 'Joseph Okumu', 'Defender'),
(2243, 'Cédric Kipré', 'Defender'),
(2244, 'Marshall Munetsi', 'Midfielder'),
(2245, 'Ludovic Butelle', 'Goalkeeper'),
(2246, 'Yehvann Diouf', 'Goalkeeper'),
(2247, 'Reda Khadra', 'Midfielder'),
(2248, 'Amadou Koné', 'Midfielder'),
(2249, 'Nhoa Sangui', 'Defender'),
(2250, 'Mohamed Aboubakar', 'Midfielder'),
(2251, 'Maxime Busi', 'Defender'),
(2252, 'Niama Pape Sissoko', 'Defender'),
(2253, 'Aurélio Buta', 'Defender'),
(2254, 'Sergio Akieme', 'Defender'),
(2255, 'Mamadou Diakhon', 'Forward'),
(2256, 'Thibault De Smet', 'Defender');
SET IDENTITY_INSERT Players OFF;

INSERT INTO PlayersTeams (PlayerId, TeamId) VALUES
(2233, 94), (2234, 94), (2235, 94), (2236, 94),
(2237, 94), (2238, 94), (2239, 94), (2240, 94),
(2241, 94), (2242, 94), (2243, 94), (2244, 94),
(2245, 94), (2246, 94), (2247, 94), (2248, 94),
(2249, 94), (2250, 94), (2251, 94), (2252, 94),
(2253, 94), (2254, 94), (2255, 94), (2256, 94);

SET IDENTITY_INSERT Players ON;
INSERT INTO Players (Id, Name, Position) VALUES
(2257, 'Jota', 'Forward'),
(2258, 'Seko Fofana', 'Midfielder'),
(2259, 'Brice Samba', 'Goalkeeper'),
(2260, 'Albert Grønbæk', 'Midfielder'),
(2261, 'Amine Gouiri', 'Forward'),
(2262, 'Andrés Gómez', 'Forward'),
(2263, 'Steve Mandanda', 'Goalkeeper'),
(2264, 'Mikayil Faye', 'Defender'),
(2265, 'Leo Skiri Østigård', 'Defender'),
(2266, 'Doğan Alemdar', 'Goalkeeper'),
(2267, 'Jordan James', 'Midfielder'),
(2268, 'Henrik Meister', 'Forward'),
(2269, 'Glen Kamara', 'Midfielder'),
(2270, 'Hans Hateboer', 'Midfielder'),
(2271, 'Ludovic Blas', 'Midfielder'),
(2272, 'Arnaud Kalimuendo', 'Forward'),
(2273, 'Naouirou Ahamada', 'Midfielder'),
(2274, 'Christopher Wooh', 'Defender'),
(2275, 'Alidu Seidu', 'Defender'),
(2276, 'Lorenz Assignon', 'Defender'),
(2277, 'Mahamadou Nagida', 'Defender'),
(2278, 'Adrien Truffert', 'Defender'),
(2279, 'Mohamed Kader Meité', 'Forward'),
(2280, 'Baptiste Santamaria', 'Midfielder');
SET IDENTITY_INSERT Players OFF;

INSERT INTO PlayersTeams (PlayerId, TeamId) VALUES
(2257, 95), (2258, 95), (2259, 95), (2260, 95),
(2261, 95), (2262, 95), (2263, 95), (2264, 95),
(2265, 95), (2266, 95), (2267, 95), (2268, 95),
(2269, 95), (2270, 95), (2271, 95), (2272, 95),
(2273, 95), (2274, 95), (2275, 95), (2276, 95),
(2277, 95), (2278, 95), (2279, 95), (2280, 95);

SET IDENTITY_INSERT Players ON;
INSERT INTO Players (Id, Name, Position) VALUES
(2281, 'Mostafa Mohamed', 'Forward'),
(2282, 'Anthony Lopes', 'Goalkeeper'),
(2283, 'Alban Lafont', 'Goalkeeper'),
(2284, 'Matthis Abline', 'Forward'),
(2285, 'Moses Simon', 'Forward'),
(2286, 'Patrik Carlgren', 'Goalkeeper'),
(2287, 'Sorba Thomas', 'Midfielder'),
(2288, 'Herba Guirassy', 'Forward'),
(2289, 'Johann Lepenant', 'Midfielder'),
(2290, 'Nicolas Pallois', 'Defender'),
(2291, 'Nathan Zézé', 'Defender'),
(2292, 'Tino Kadewere', 'Forward'),
(2293, 'Louis Leroux', 'Midfielder'),
(2294, 'Ignatius Ganago', 'Forward'),
(2295, 'Douglas Augusto', 'Midfielder'),
(2296, 'Sékou Doucouré', 'Defender'),
(2297, 'Jean-Charles Castelletto', 'Defender'),
(2298, 'Pedro Chirivella', 'Midfielder'),
(2299, 'Dehmaine Assoumani', 'Defender'),
(2300, 'Jean-Philippe Gbamin', 'Midfielder'),
(2301, 'Kelvin Amian Adou', 'Defender'),
(2302, 'Marcus Coco', 'Forward'),
(2303, 'Jean-Kévin Duverne', 'Defender'),
(2304, 'Fabien Centonze', 'Defender');
SET IDENTITY_INSERT Players OFF;

INSERT INTO PlayersTeams (PlayerId, TeamId) VALUES
(2281, 96), (2282, 96), (2283, 96), (2284, 96),
(2285, 96), (2286, 96), (2287, 96), (2288, 96),
(2289, 96), (2290, 96), (2291, 96), (2292, 96),
(2293, 96), (2294, 96), (2295, 96), (2296, 96),
(2297, 96), (2298, 96), (2299, 96), (2300, 96),
(2301, 96), (2302, 96), (2303, 96), (2304, 96);

SET IDENTITY_INSERT Matches ON;

INSERT INTO Matches (Id, HomeTeamId, AwayTeamId, MatchDate, HomeTeamGoals, AwayTeamGoals, LeagueId) VALUES
(1, 4, 15, '2024-08-15 17:00:00', 1, 1, 1),
(2, 11, 7, '2024-08-15 21:00:00', 1, 1, 1),
(3, 12, 17, '2024-08-16 17:00:00', 2, 1, 1),
(4, 14, 13, '2024-08-16 21:00:00', 2, 2, 1),
(5, 8, 16, '2024-08-17 17:00:00', 1, 1, 1),
(6, 20, 3, '2024-08-17 21:00:00', 1, 2, 1),
(7, 9, 10, '2024-08-18 17:00:00', 1, 2, 1),
(8, 6, 1, '2024-08-18 21:00:00', 1, 1, 1),
(9, 19, 18, '2024-08-19 17:00:00', 1, 0, 1),
(10, 5, 2, '2024-08-19 21:00:00', 2, 2, 1),
(11, 12, 20, '2024-08-23 17:00:00', 3, 1, 1),
(12, 13, 5, '2024-08-23 21:00:00', 1, 2, 1),
(13, 8, 6, '2024-08-24 17:00:00', 1, 0, 1),
(14, 3, 4, '2024-08-24 21:00:00', 2, 1, 1),
(15, 18, 9, '2024-08-24 17:00:00', 0, 1, 1),
(16, 15, 10, '2024-08-24 21:00:00', 0, 0, 1),
(17, 1, 19, '2024-08-25 17:00:00', 3, 0, 1),
(18, 16, 14, '2024-08-25 21:00:00', 2, 1, 1),
(19, 17, 11, '2024-08-25 17:00:00', 0, 0, 1),
(20, 2, 7, '2024-08-25 21:00:00', 3, 0, 1),
(21, 5, 12, '2024-08-26 17:00:00', 4, 3, 1),
(22, 6, 13, '2024-08-27 21:00:00', 0, 0, 1),
(23, 10, 3, '2024-08-27 17:00:00', 1, 2, 1),
(24, 19, 16, '2024-08-28 21:00:00', 0, 0, 1),
(25, 4, 20, '2024-08-28 17:00:00', 1, 0, 1),
(26, 2, 18, '2024-08-28 21:00:00', 0, 0, 1),
(27, 9, 17, '2024-08-28 17:00:00', 1, 2, 1),
(28, 7, 8, '2024-08-29 21:00:00', 4, 0, 1),
(29, 14, 1, '2024-08-29 17:00:00', 1, 1, 1),
(30, 3, 19, '2024-08-31 21:00:00', 7, 0, 1),
(31, 4, 2, '2024-08-31 17:00:00', 0, 1, 1),
(32, 18, 10, '2024-08-31 21:00:00', 2, 1, 1),
(33, 16, 6, '2024-08-31 17:00:00', 0, 1, 1),
(34, 20, 5, '2024-08-31 21:00:00', 1, 1, 1),
(35, 17, 14, '2024-09-01 17:00:00', 2, 0, 1),
(36, 8, 12, '2024-09-01 21:00:00', 3, 2, 1),
(37, 13, 7, '2024-09-01 17:00:00', 0, 2, 1),
(38, 15, 9, '2024-09-01 21:00:00', 0, 0, 1),
(39, 1, 11, '2024-09-01 17:00:00', 0, 2, 1),
(40, 11, 15, '2024-09-18 17:00:00', 2, 1, 1),
(41, 31, 22, '2024-08-17 17:00:00', 2, 2, 2),
(42, 37, 26, '2024-08-17 21:00:00', 1, 1, 2),
(43, 28, 32, '2024-08-17 17:00:00', 2, 2, 2),
(44, 34, 40, '2024-08-17 21:00:00', 0, 0, 2),
(45, 36, 21, '2024-08-18 17:00:00', 3, 0, 2),
(46, 27, 29, '2024-08-18 21:00:00', 1, 1, 2),
(47, 38, 30, '2024-08-18 17:00:00', 0, 0, 2),
(48, 24, 39, '2024-08-18 21:00:00', 3, 1, 2),
(49, 33, 23, '2024-08-19 17:00:00', 0, 4, 2),
(50, 25, 35, '2024-08-19 17:00:00', 3, 0, 2),
(51, 37, 28, '2024-08-24 17:00:00', 2, 1, 2),
(52, 29, 24, '2024-08-24 21:00:00', 2, 1, 2),
(53, 22, 33, '2024-08-24 17:00:00', 2, 0, 2),
(54, 40, 31, '2024-08-24 21:00:00', 0, 1, 2),
(55, 26, 39, '2024-08-25 17:00:00', 0, 0, 2),
(56, 32, 23, '2024-08-25 21:00:00', 2, 1, 2),
(57, 30, 34, '2024-08-25 17:00:00', 1, 2, 2),
(58, 21, 27, '2024-08-25 21:00:00', 3, 0, 2),
(59, 38, 35, '2024-08-26 17:00:00', 1, 1, 2),
(60, 36, 25, '2024-08-26 17:00:00', 0, 3, 2),
(61, 39, 32, '2024-08-30 17:00:00', 0, 1, 2),
(62, 22, 23, '2024-08-30 21:00:00', 4, 0, 2),
(63, 27, 34, '2024-08-31 17:00:00', 1, 1, 2),
(64, 33, 38, '2024-08-31 21:00:00', 1, 0, 2),
(65, 24, 28, '2024-08-31 17:00:00', 2, 2, 2),
(66, 21, 37, '2024-08-31 21:00:00', 2, 1, 2),
(67, 31, 36, '2024-09-01 17:00:00', 0, 2, 2),
(68, 26, 40, '2024-09-01 21:00:00', 2, 2, 2),
(69, 29, 35, '2024-09-01 17:00:00', 1, 0, 2),
(70, 25, 30, '2024-09-01 17:00:00', 0, 0, 2),
(71, 35, 27, '2024-09-14 17:00:00', 2, 2, 2),
(72, 34, 25, '2024-09-14 21:00:00', 0, 0, 2),
(73, 28, 39, '2024-09-14 17:00:00', 4, 0, 2),
(74, 31, 30, '2024-09-15 21:00:00', 1, 1, 2),
(75, 23, 26, '2024-09-15 17:00:00', 3, 2, 2),
(76, 32, 33, '2024-09-15 21:00:00', 0, 0, 2),
(77, 38, 21, '2024-09-15 17:00:00', 0, 4, 2),
(78, 40, 22, '2024-09-15 21:00:00', 1, 1, 2),
(79, 37, 29, '2024-09-16 17:00:00', 2, 3, 2),
(80, 24, 36, '2024-09-16 17:00:00', 2, 1, 2),
(81, 53, 49, '2024-08-16 19:00:00', 1, 0, 3),
(82, 58, 41, '2024-08-17 22:00:00', 0, 2, 3),
(83, 42, 57, '2024-08-17 19:00:00', 2, 0, 3),
(84, 56, 50, '2024-08-17 22:00:00', 0, 3, 3),
(85, 45, 60, '2024-08-17 19:00:00', 1, 0, 3),
(86, 43, 47, '2024-08-17 22:00:00', 1, 1, 3),
(87, 54, 48, '2024-08-17 19:00:00', 1, 2, 3),
(88, 51, 55, '2024-08-18 22:00:00', 2, 1, 3),
(89, 44, 46, '2024-08-18 19:00:00', 0, 2, 3),
(90, 59, 52, '2024-08-19 22:00:00', 1, 1, 3),
(91, 50, 53, '2024-08-24 19:00:00', 2, 1, 3),
(92, 52, 56, '2024-08-24 22:00:00', 4, 0, 3),
(93, 55, 54, '2024-08-24 19:00:00', 0, 2, 3),
(94, 60, 43, '2024-08-24 22:00:00', 0, 1, 3),
(95, 49, 59, '2024-08-24 19:00:00', 2, 1, 3),
(96, 46, 58, '2024-08-24 22:00:00', 4, 1, 3),
(97, 48, 42, '2024-08-24 19:00:00', 0, 2, 3),
(98, 47, 45, '2024-08-25 22:00:00', 1, 1, 3),
(99, 57, 44, '2024-08-25 19:00:00', 2, 6, 3),
(100, 41, 51, '2024-08-25 22:00:00', 2, 0, 3),
(101, 42, 50, '2024-08-31 19:00:00', 1, 1, 3),
(102, 43, 57, '2024-08-31 22:00:00', 1, 1, 3),
(103, 59, 48, '2024-08-31 19:00:00', 1, 2, 3),
(104, 58, 49, '2024-08-31 22:00:00', 1, 1, 3),
(105, 51, 60, '2024-08-31 19:00:00', 3, 1, 3),
(106, 56, 47, '2024-08-31 22:00:00', 2, 3, 3),
(107, 54, 46, '2024-08-31 19:00:00', 1, 3, 3),
(108, 44, 55, '2024-09-01 22:00:00', 1, 1, 3),
(109, 45, 52, '2024-09-01 19:00:00', 2, 1, 3),
(110, 53, 41, '2024-09-01 22:00:00', 0, 3, 3),
(111, 60, 53, '2024-08-14 19:00:00', 0, 3, 3),
(112, 43, 41, '2024-08-14 22:00:00', 0, 1, 3),
(113, 46, 51, '2024-08-14 19:00:00', 2, 1, 3),
(114, 49, 54, '2024-08-14 22:00:00', 1, 1, 3),
(115, 55, 59, '2024-08-14 19:00:00', 2, 2, 3),
(116, 50, 58, '2024-08-14 22:00:00', 0, 0, 3),
(117, 48, 56, '2024-08-14 19:00:00', 3, 2, 3),
(118, 47, 44, '2024-09-14 22:00:00', 0, 1, 3),
(119, 52, 42, '2024-09-15 19:00:00', 0, 1, 3),
(120, 57, 45, '2024-09-15 22:00:00', 1, 2, 3),
(121, 70, 62, '2024-08-23 19:00:00', 2, 3, 4),
(122, 64, 78, '2024-08-24 22:00:00', 1, 0, 4),
(123, 75, 77, '2024-08-24 19:00:00', 3, 2, 4),
(124, 65, 72, '2024-08-24 22:00:00', 1, 1, 4),
(125, 66, 71, '2024-08-24 19:00:00', 3, 1, 4),
(126, 73, 68, '2024-08-24 22:00:00', 2, 2, 4),
(127, 67, 63, '2024-08-25 19:00:00', 2, 0, 4),
(128, 69, 61, '2024-08-25 22:00:00', 2, 3, 4),
(129, 74, 76, '2024-08-30 19:00:00', 0, 2, 4),
(130, 72, 74, '2024-08-31 19:00:00', 1, 0, 4),
(131, 68, 67, '2024-08-31 22:00:00', 0, 0, 4),
(132, 77, 69, '2024-08-31 19:00:00', 0, 2, 4),
(133, 71, 65, '2024-08-31 22:00:00', 3, 3, 4),
(134, 63, 75, '2024-08-31 19:00:00', 3, 1, 4),
(135, 78, 70, '2024-08-31 22:00:00', 0, 2, 4),
(136, 62, 64, '2024-09-01 19:00:00', 2, 3, 4),
(137, 76, 73, '2024-09-01 22:00:00', 4, 0, 4),
(138, 61, 66, '2024-09-01 19:00:00', 2, 0, 4),
(139, 67, 76, '2024-09-13 19:00:00', 4, 2, 4),
(140, 75, 62, '2024-09-14 22:00:00', 1, 4, 4),
(141, 66, 78, '2024-09-14 19:00:00', 2, 1, 4),
(142, 69, 63, '2024-09-14 22:00:00', 1, 2, 4),
(143, 70, 71, '2024-09-14 19:00:00', 1, 3, 4),
(144, 64, 72, '2024-09-14 22:00:00', 0, 0, 4),
(145, 77, 61, '2024-09-14 19:00:00', 1, 6, 4),
(146, 73, 74, '2024-09-15 22:00:00', 3, 1, 4),
(147, 35, 68, '2024-09-15 19:00:00', 1, 2, 4),
(148, 73, 65, '2024-09-20 19:00:00', 2, 3, 4),
(149, 78, 77, '2024-09-21 22:00:00', 2, 2, 4),
(150, 76, 66, '2024-09-21 19:00:00', 0, 3, 4),
(151, 72, 75, '2024-09-21 22:00:00', 2, 1, 4),
(152, 68, 61, '2024-09-21 19:00:00', 0, 5, 4),
(153, 63, 70, '2024-09-21 22:00:00', 2, 0, 4),
(154, 62, 69, '2024-09-22 19:00:00', 4, 3, 4),
(155, 71, 67, '2024-09-22 22:00:00', 5, 1, 4),
(156, 74, 64, '2024-09-22 19:00:00', 0, 0, 4),
(157, 95, 79, '2024-08-16 18:00:00', 1, 4, 5),
(158, 89, 80, '2024-08-17 21:00:00', 1, 5, 5),
(159, 90, 83, '2024-08-17 18:00:00', 0, 2, 5),
(160, 81, 94, '2024-08-17 21:00:00', 1, 0, 5),
(161, 88, 82, '2024-08-18 18:00:00', 2, 1, 5),
(162, 96, 87, '2024-08-18 18:00:00', 1, 1, 5),
(163, 86, 93, '2024-08-18 18:00:00', 0, 0, 5),
(164, 92, 85, '2024-08-18 21:00:00', 0, 1, 5),
(165, 91, 84, '2024-08-18 21:00:00', 3, 0, 5),
(166, 79, 96, '2024-08-23 18:00:00', 6, 0, 5),
(167, 84, 81, '2024-08-24 21:00:00', 0, 2, 5),
(168, 83, 92, '2024-08-24 21:00:00', 2, 0, 5),
(169, 94, 95, '2024-08-24 18:00:00', 0, 2, 5),
(170, 85, 89, '2024-08-25 18:00:00', 2, 0, 5),
(171, 87, 91, '2024-08-25 21:00:00', 3, 1, 5),
(172, 93, 88, '2024-08-25 21:00:00', 2, 0, 5),
(173, 82, 86, '2024-08-25 18:00:00', 1, 1, 5),
(174, 80, 90, '2024-08-25 18:00:00', 2, 2, 5),
(175, 84, 87, '2024-08-30 21:00:00', 4, 3, 5),
(176, 89, 94, '2024-08-31 21:00:00', 4, 0, 5),
(177, 96, 93, '2024-08-31 18:00:00', 1, 3, 5),
(178, 86, 80, '2024-08-31 18:00:00', 1, 3, 5),
(179, 81, 85, '2024-09-01 18:00:00', 1, 1, 5),
(180, 95, 88, '2024-09-01 21:00:00', 3, 1, 5),
(181, 90, 91, '2024-09-01 18:00:00', 2, 1, 5),
(182, 92, 82, '2024-09-01 21:00:00', 1, 4, 5),
(183, 83, 79, '2024-09-01 18:00:00', 1, 3, 5),
(184, 94, 83, '2024-09-13 21:00:00', 1, 0, 5),
(185, 80, 82, '2024-09-14 18:00:00', 2, 0, 5),
(186, 88, 81, '2024-09-14 21:00:00', 0, 3, 5),
(187, 79, 89, '2024-09-14 18:00:00', 3, 1, 5),
(188, 91, 96, '2024-09-15 21:00:00', 3, 0, 5),
(189, 86, 95, '2024-09-15 21:00:00', 2, 0, 5),
(190, 93, 90, '2024-09-15 18:00:00', 1, 2, 5),
(191, 87, 92, '2024-09-15 18:00:00', 1, 1, 5),
(192, 85, 84, '2024-09-15 18:00:00', 0, 0, 5);

SET IDENTITY_INSERT Matches OFF;

INSERT INTO PlayerStats (PlayerId, Goals, Assists)
VALUES
(51, 16, 2),
(242, 10, 1),
(25, 12, 2),
(293, 9, 0),
(26, 8, 5),
(3, 8, 2),
(100, 8, 0),
(77, 7, 1),
(317, 7, 3),
(52, 11, 6),
(27, 7, 5),
(1, 7, 4),
(99, 7, 3),
(219, 7, 1),
(265, 6, 3),
(2, 6, 2),
(410, 7, 1),
(83, 5, 2),
(388, 8, 0),
(268, 5, 0),
(50, 5, 9),
(461, 6, 2),
(34, 5, 2),
(31, 6, 4),
(122, 5, 2),
(49, 5, 0),
(530, 14, 3),
(508, 13, 3),
(603, 12, 2),
(529, 10, 5),
(506, 8, 2),
(482, 8, 6),
(795, 8, 0),
(676, 7, 0),
(699, 7, 2),
(555, 7, 1),
(578, 7, 1),
(554, 0, 8),
(545, 0, 5),
(535, 5, 5),
(510, 3, 5),
(626, 6, 4),
(524, 1, 4),
(513, 3, 4),
(762, 0, 4),
(630, 7, 3),
(771, 6, 1),
(823, 6, 2),
(724, 6, 1),
(914, 6, 0),
(652, 5, 2),
(649, 5, 4),
(651, 5, 0),
(961, 18, 13),
(1081, 17, 1),
(1057, 15, 5),
(1033, 14, 6),
(1009, 14, 2),
(1201, 13, 3),
(1202, 11, 2),
(1345, 10, 4),
(1110, 10, 3),
(1131, 10, 4),
(985, 5, 10),
(1157, 0, 9),
(1208, 2, 7),
(1074, 3, 7),
(1250, 6, 6),
(1258, 5, 6),
(1083, 2, 6),
(1060, 2, 6),
(963, 8, 2),
(1305, 8, 1),
(1226, 7, 2),
(1234, 8, 4),
(1441, 16, 6),
(1489, 15, 9),
(1468, 12, 0),
(1537, 12, 1),
(1753, 10, 4),
(1465, 9, 8),
(1491, 9, 3),
(1442, 9, 2),
(1514, 8, 2),
(1588, 8, 0),
(1657, 8, 6),
(1615, 7, 3),
(1899, 7, 7),
(1850, 7, 1),
(1562, 5, 7),
(1636, 5, 7),
(1469, 2, 6),
(1448, 1, 5),
(1969, 12, 3),
(1993, 11, 2),
(1945, 11, 3),
(1946, 10, 4),
(2046, 8, 5),
(2272, 8, 0),
(2234, 7, 1),
(2187, 7, 1),
(2164, 7, 2),
(2116, 6, 2),
(1973, 6, 4),
(1953, 6, 3),
(2161, 6, 1),
(1729, 6, 2),
(1964, 2, 7),
(2271, 5, 6),
(2175, 2, 5),
(2285, 5, 5),
(1947, 2, 5);

INSERT INTO TeamStats (TeamId, Wins, Draws, Losses) VALUES
(1, 14, 2, 4),
(2, 13, 5, 2), 
(3, 12, 3, 5), 
(4, 11, 5, 4), 
(5, 9, 6, 5), 
(6, 9, 3, 8),  
(9, 8, 4, 8),  
(7, 8, 4, 8),  
(10, 8, 2, 10),
(8, 7, 5, 8),
(13, 7, 5, 8), 
(11, 7, 4, 9), 
(12, 7, 3, 10),
(14, 6, 4, 10),
(16, 5, 6, 9), 
(15, 5, 5, 10),
(17, 4, 7, 9), 
(18, 5, 3, 12),
(20, 4, 3, 13),
(19, 4, 3, 13);

INSERT INTO TeamStats (TeamId, Wins, Draws, Losses) VALUES
(21, 16, 3, 2),
(22, 14, 5, 1),
(23, 13, 4, 4),
(24, 12, 6, 3),
(25, 11, 4, 6),
(26, 9, 5, 6), 
(27, 9, 5, 6), 
(28, 8, 7, 5), 
(30, 8, 3, 10),
(29, 7, 5, 9), 
(32, 5, 8, 8), 
(31, 5, 8, 8), 
(35, 5, 7, 9), 
(38, 5, 6, 10),
(34, 5, 6, 10),
(37, 4, 8, 9), 
(33, 5, 5, 11),
(36, 5, 4, 12),
(39, 3, 6, 12),
(40, 2, 6, 13);

INSERT INTO TeamStats (TeamId, Wins, Draws, Losses) VALUES
(41, 15, 5, 1),
(42, 12, 8, 2),
(43, 13, 5, 4),
(44, 11, 7, 4),
(46, 11, 5, 6),
(45, 11, 5, 6),
(47, 10, 7, 5),
(48, 10, 6, 6),
(50, 8, 8, 6), 
(49, 8, 9, 5), 
(51, 8, 4, 10),
(55, 6, 9, 7), 
(53, 7, 5, 10),
(54, 7, 5, 10),
(52, 7, 3, 12),
(56, 4, 8, 9), 
(57, 4, 4, 14),
(58, 3, 7, 13),
(59, 3, 6, 13),
(60, 1, 5, 16);

INSERT INTO TeamStats (TeamId, Wins, Draws, Losses) VALUES
(61, 14, 3, 1),
(62, 12, 5, 1),
(63, 11, 3, 4),
(71, 9, 5, 4), 
(64, 9, 4, 5), 
(65, 8, 4, 6), 
(69, 8, 3, 7), 
(66, 8, 3, 7), 
(68, 7, 5, 6), 
(67, 7, 4, 7), 
(70, 6, 6, 6), 
(73, 6, 4, 8), 
(72, 5, 5, 8), 
(74, 5, 5, 8), 
(75, 5, 3, 10),
(76, 4, 4, 10),
(77, 3, 5, 10),
(78, 2, 4, 12);

INSERT INTO TeamStats (TeamId, Wins, Draws, Losses) VALUES
(79, 14, 4, 0),
(80, 11, 4, 3),
(83, 8, 8, 2),
(81, 9, 4, 5),
(82, 8, 6, 4),
(84, 8, 5, 5),
(85, 7, 6, 5),
(86, 7, 4, 7), 
(89, 7, 4, 7), 
(87, 6, 6, 6), 
(88, 6, 4, 8), 
(92, 6, 3, 9), 
(90, 5, 6, 7), 
(91, 5, 2, 11),
(93, 3, 7, 8), 
(94, 3, 6, 9), 
(95, 3, 4, 11),
(96, 3, 3, 12);
